Workbook
Name 문서명: #REF!
Name 문서명: 표지!$O$5
Name 프로젝트명: #REF!
Name 프로젝트명: 표지!$O$4

Sheet 표지
C5: [AI거버넌스]
C7: AI거버넌스 지원도구 설계-
C8: 별첨03.고영향&안전성 평가서
C10: Version 1.0
C11: 46077

Sheet 제개정이력
A3: 작성/검토자
A4: 구분 | B4: 소속 | C4: 직급 | D4: 성명 | E4: 일자
A5: 작성자 | B5: EY컨설팅 | C5: 부장 | D5: 나종민 | E5: 46077
A6: 검토자
A7: 승인자
A9: 제/개정 이력 | C9: 제/개정 이력
A10: 버전 | B10: 제/개정 페이지 및 수정 내용 | D10: 제/개정 일자 | E10: 제/개정자
A11: 1.0 | B11: 문서 작성 | D11: 46077 | E11: 나종민

Sheet 문서개요
B2: ■ 고영향&안전성 평가서
C4: Sheet | E4: 작성 내용 | G4: 작성 담당
C5: 1. 영향 평가서 | E5: - 고영향 AI 영향평가(법 제35조제1항) 수행 | G5: AI서비스기획
C6: 2. 고영향 책무 | E6: - 고영향 AI 책무 체크리스트 활용 | G6: AI서비스기획
C7: 3. 안전성 평가서 | D7: 3-1. 위험(안전성) 평가 요약 | E7: - 각 서비스별 위험(안전성)들에 대한 평가결과 요약 | G7: AI서비스기획
D8: 3-2. AI위험(안전성) 식별 및 평가 | E8: - 해당 서비스에 해당하는 AI 위험(안전성) 식별 및 평가 작성 | G8: AI서비스기획 AI개발 AI거버넌스
D9: (서식) AI위험평가서(위험ID) | E9: - 식별된 각 위험(안전성)별 평가, 완화조치방안, 완호조치 이후 재평가 내용 작성 (과학기술정보통신부장관 제출용) | G9: AI서비스기획 AI개발 (지원) AI거버넌스 (지원)
B11: ■ 문서 버전관리
C13: 작성/수정일 | E13: 작성자(부서/성명) | F13: 주요 작성/수정 내용

Sheet 1. 영향 평가서
C3: 영향 평가서 | G3: AI 서비스기획
C4: YYYY.MM.DD
B6: 1. AI 서비스 개요
B8: 구분 | C8: 내용
B9: AI서비스 개요 | C9: (평가하려는 인공지능 서비스의 주요 기능과 특징을 간략히 설명)
B10: 목적 및 필요성 | C10: (서비스에 대한 간략한 설명 작성)
B11: 적용 분야 | C11: (해당 서비스 구현 시, 프로세스 상 AI기술 적용 방식 등에 대한 내용을 상세 기재, 프로세스 도식화)
B12: 사용 절차 | C12: (고객 또는 사용자가 해당 서비스를 이용하는 절차를 설명하고, 운영 단계에서 인공지능이 작동하는 시점과 그 역할을 작성)
B13: 운영기간 및 빈도 | C13: (서비스가 운영될 기간과 평균 사용 빈도 작성)
B14: 이용자 범주 · 특성 | C14: (현재 서비스를 직접 이용하거나 간접적으로 영향을 받을 주요 이용자 집단과 특성을 작성 (연령대, 숙련도, 전문성 수준 등 포함)
B15: 이용자 선택권 | C15: (이용자가 해당 서비스 이용 과정에서 가지는 선택권이나 통제권의 범위 설명 (인공지능 기능 미사용 선택 / 도출 결과 거부/ 이의제기, 수정요청 가능/ 결과 철회 가능))
B17: 위험 시나리오
B18: 피영향자 | C18: 직접 피영향자 (영향받는자) | D18: (이유)
C19: 간접 피영향자 | D19: (이유)
C20: 의도치 않은/예상치 못한 피영향자 | D20: (이유)
B21: 관련 기본권 | C21: 영향 내용 | D21: 영향수준 | G21: 이행중인 관리방안
D22: 영향 규모 (보통/경미, 중간, 높음, 매우 높음) | E22: 영향 기간 (단기, 중기, 장기, 세대간) | F22: 발생 가능성 (낮음, 중간, 높음, 매우 높음)
B28: ※ 영향평가 상세 내용은 규정 2장 16조, 거버넌스운영지침 4장 27조 참고하여 수행 필요 시, 하위법령 가이드라인 참고
B30: ※ 본 보고서 양식 및 작성 내용은 AI거버넌스 업무지원을 위한 기본 서식으로, 필요 시 AI거버넌스 담당자와 사전협의를 통해 일부 수정할 수 있습니다.

Sheet 2. 고영향 책무 
C3: 고영향 책무 체크리스트 | E3: AI 서비스기획
C4: YYYY.MM.DD
B6: 1. AI 서비스 개요
B8: 구분 | C8: 내용
B9: AI서비스명 | C9: (서비스명 기입)
B10: 작성 대상 | C10: AI 서비스 중 고영향 AI서비스로 판단될 경우 개발 전 라이프사이클 진행 시 본 체크리스트를 작성하여 AI 서비스 운영 승인 요청서와 함께 제출 (단, 고영향 AI서비스가 아닐 경우 생략)
B12: 2. 고영향 책무 체크리스트
B14: 구분 | C14: 점검항목 | D14: 점검 결과 | E14: 점검 자료
B15: 위험관리방안의 수립ㆍ운영 | C15: 고영향 AI의 위험관리를 위해 위험관리정책, 위험관리 조직체계를 수립 및 운영하고 있습니까? | E15: 점검 자료명 기입
B16: 위험관리방안의 수립ㆍ운영 | C16: 위험관리방안을 문서로 작성하여 관리하고 모든 과정에서 이를 준수하고 했습니까? | E16: 점검 자료명 기입
B17: 위험관리방안의 수립ㆍ운영 | C17: 최신의 기술 및 관리방법론이 적용될 수 있도록 위험관리방안을 주기적으로 점검ㆍ갱신하고 그 변경내역을 관리했습니까? | E17: 점검 자료명 기입
B18: 설명방안의 수립ㆍ시행 (설명방안성 수립시) | C18: AI서비스가 도출한 최종결과 및 기준 설명 방안을 수립하는 경우 기술적으로 가능한 범위에서 인공지능의 투명성 및 설명가능성을 확보 | E18: 점검 자료명 기입
B19: 설명방안의 수립ㆍ시행 (설명방안성 수립시) | C19: 인공지능 시스템의 명세, 구성요소, 추론 방식 등을 문서화하여 인공지능의 투명성을 확보하고 있는가? | E19: 점검 자료명 기입
B20: 설명방안의 수립ㆍ시행 (설명방안성 수립시) | C20: 설명 가능성을 확보하기 위한 기술적 조치나 대안 조치를 적용하고 있는가? | E20: 점검 자료명 기입
B21: 설명방안의 수립ㆍ시행 (설명방안성 수립시) | C21: 설명 가능성을 확보하기 위한 학습용데이터에 관한 정보의 체계적 관리를하고 있습니까? | E21: 점검 자료명 기입
B22: 설명방안의 수립ㆍ시행 (설명방안성 수립시) | C22: 홈페이지에 게시, 전자문서의 제공 등의 방법으로 설명방안을 이용자에게 제공했습니까? | E22: 점검 자료명 기입
B23: 이용자 보호방안의 수립ㆍ운영 | C23: AI서비스 개발 과정에서 이용자를 보호하기 위해 안전하고 적법한 데이터 수집 및 관리를 수행했습니까? | E23: 점검 자료명 기입
B24: 이용자 보호방안의 수립ㆍ운영 | C24: AI서비스 개발 과정에서 이용자를 보호하기 위해 적대적 공격 등에 대응하기 위한 안전한 알고리즘 설계 및 모델을 개발했습니까? | E24: 점검 자료명 기입
B25: 이용자 보호방안의 수립ㆍ운영 | C25: AI서비스 개발 과정에서 이용자를 보호하기 위해 다양하고 예외적인 상황을 고려한 시험 및 평가를 수행했습니까? | E25: 점검 자료명 기입
B26: 이용자 보호방안의 수립ㆍ운영 | C26: AI서비스 운영 과정에서 이용자를 보호하기 위해 문제를 실시간으로 탐지하기 위한 모니터링 및 대응방안 수립했습니까? | E26: 점검 자료명 기입
... B34: 문서의 작성ㆍ보관 | C34: 안전신뢰문서를 주기적으로 점검하고 최신의 기술, 방법론 등이 적용될 수 있도록 관리했습니까? | E34: 점검 자료명 기입
B36: ※ 본 보고서 양식 및 작성 내용은 AI거버넌스 업무지원을 위한 기본 서식으로, 필요 시 AI거버넌스 담당자와 사전협의를 통해 일부 수정할 수 있습니다.

Sheet 3-1. 위험(안전성) 평가 요약
B2: ■ 위험(안전성) 평가 결과 | F2: ■ 위험(안전성) 식별 및 평가 요약
B3: 위험(안전성) 점수 | C3: 0
J5: 1. AI 위험 식별 | K5: 2. AI 위험 완화 방안 수립 | M5: 3. 잔여 AI 위험 평가
B6: 위험(Lv1) | C6: 위험(Lv2) | D6: Lv3 기준 위험 개수 | F6: No. | G6: 위험(Lv1) | H6: 위험(Lv2) | I6: 위험(Lv3) | J6: 위험 식별 여부 | K6: 위험 점수 총합 | L6: 대응조치 | M6: 완화 방안 적용 여부
B7: 악용 (Malicious use) | C7: 허위 정보로 인한 피해 (Harm through fake content) | D7: =COUNTIFS('3-2. AI위험(안전성) 식별 및 평가'!$D$7:$D$42,C7,'3-2. AI위험(안전성) 식별 및 평가'!$F$7:$F$42,"yes") -> 0 | F7: R-01 | G7: 악용 (Malicious use) | H7: 허위 정보로 인한 피해 (Harm through fake content) | I7: 임원 음성 딥페이크 송금 사기 | J7: =_xlfn.XLOOKUP(I7,'3-2. AI위험(안전성) 식별 및 평가'!$E$7:$E$42,'3-2. AI위험(안전성) 식별 및 평가'!$F$7:$F$42,"") -> 0 | K7: =_xlfn.XLOOKUP(I7,'3-2. AI위험(안전성) 식별 및 평가'!$E$7:$E$42,'3-2. AI위험(안전성) 식별 및 평가'!$W$7:$W$42,"") | L7: =_xlfn.XLOOKUP(I7,'3-2. AI위험(안전성) 식별 및 평가'!$E$7:$E$42,'3-2. AI위험(안전성) 식별 및 평가'!$X$7:$X$42,"") | M7: =_xlfn.XLOOKUP(I7,'3-2. AI위험(안전성) 식별 및 평가'!$E$7:$E$42,'3-2. AI위험(안전성) 식별 및 평가'!$AF$7:$AF$42,"") -> 0
B8: 악용 (Malicious use) | C8: 여론 조작 (Manipulation of public opinion) | D8: =COUNTIFS('3-2. AI위험(안전성) 식별 및 평가'!$D$7:$D$42,C8,'3-2. AI위험(안전성) 식별 및 평가'!$F$7:$F$42,"yes") -> 0 | F8: R-02 | G8: 악용 (Malicious use) | H8: 허위 정보로 인한 피해 (Harm through fake content) | I8: 가짜 리서치 리포트 유포 | J8: =_xlfn.XLOOKUP(I8,'3-2. AI위험(안전성) 식별 및 평가'!$E$7:$E$42,'3-2. AI위험(안전성) 식별 및 평가'!$F$7:$F$42,"") -> 0 | K8: =_xlfn.XLOOKUP(I8,'3-2. AI위험(안전성) 식별 및 평가'!$E$7:$E$42,'3-2. AI위험(안전성) 식별 및 평가'!$W$7:$W$42,"") | L8: =_xlfn.XLOOKUP(I8,'3-2. AI위험(안전성) 식별 및 평가'!$E$7:$E$42,'3-2. AI위험(안전성) 식별 및 평가'!$X$7:$X$42,"") | M8: =_xlfn.XLOOKUP(I8,'3-2. AI위험(안전성) 식별 및 평가'!$E$7:$E$42,'3-2. AI위험(안전성) 식별 및 평가'!$AF$7:$AF$42,"") -> 0
B9: 악용 (Malicious use) | C9: 사이버 범죄 (Cyber offence) | D9: =COUNTIFS('3-2. AI위험(안전성) 식별 및 평가'!$D$7:$D$42,C9,'3-2. AI위험(안전성) 식별 및 평가'!$F$7:$F$42,"yes") -> 0 | F9: R-03 | G9: 악용 (Malicious use) | H9: 허위 정보로 인한 피해 (Harm through fake content) | I9: 상담 녹취 합성에 따른 불완전판매 분쟁 | J9: =_xlfn.XLOOKUP(I9,'3-2. AI위험(안전성) 식별 및 평가'!$E$7:$E$42,'3-2. AI위험(안전성) 식별 및 평가'!$F$7:$F$42,"") -> 0 | K9: =_xlfn.XLOOKUP(I9,'3-2. AI위험(안전성) 식별 및 평가'!$E$7:$E$42,'3-2. AI위험(안전성) 식별 및 평가'!$W$7:$W$42,"") | L9: =_xlfn.XLOOKUP(I9,'3-2. AI위험(안전성) 식별 및 평가'!$E$7:$E$42,'3-2. AI위험(안전성) 식별 및 평가'!$X$7:$X$42,"") | M9: =_xlfn.XLOOKUP(I9,'3-2. AI위험(안전성) 식별 및 평가'!$E$7:$E$42,'3-2. AI위험(안전성) 식별 및 평가'!$AF$7:$AF$42,"") -> 0
B10: 합계 | D10: =SUM(D7:D9) -> 0 | F10: R-04 | G10: 악용 (Malicious use) | H10: 여론조작 (Manipulation of public opinion) | I10: AI 루머 확산에 따른 시세 교란 | J10: =_xlfn.XLOOKUP(I10,'3-2. AI위험(안전성) 식별 및 평가'!$E$7:$E$42,'3-2. AI위험(안전성) 식별 및 평가'!$F$7:$F$42,"") -> 0 | K10: =_xlfn.XLOOKUP(I10,'3-2. AI위험(안전성) 식별 및 평가'!$E$7:$E$42,'3-2. AI위험(안전성) 식별 및 평가'!$W$7:$W$42,"") | L10: =_xlfn.XLOOKUP(I10,'3-2. AI위험(안전성) 식별 및 평가'!$E$7:$E$42,'3-2. AI위험(안전성) 식별 및 평가'!$X$7:$X$42,"") | M10: =_xlfn.XLOOKUP(I10,'3-2. AI위험(안전성) 식별 및 평가'!$E$7:$E$42,'3-2. AI위험(안전성) 식별 및 평가'!$AF$7:$AF$42,"") -> 0
B11: 오작동 (Malfunctions) | C11: 신뢰성 문제 (Reliability issues) | D11: =COUNTIFS('3-2. AI위험(안전성) 식별 및 평가'!$D$7:$D$42,C11,'3-2. AI위험(안전성) 식별 및 평가'!$F$7:$F$42,"yes") -> 0 | F11: R-05 | G11: 악용 (Malicious use) | H11: 여론조작 (Manipulation of public opinion) | I11: AI 분석 권위 포장에 의한 투자자 기만 | J11: =_xlfn.XLOOKUP(I11,'3-2. AI위험(안전성) 식별 및 평가'!$E$7:$E$42,'3-2. AI위험(안전성) 식별 및 평가'!$F$7:$F$42,"") -> 0 | K11: =_xlfn.XLOOKUP(I11,'3-2. AI위험(안전성) 식별 및 평가'!$E$7:$E$42,'3-2. AI위험(안전성) 식별 및 평가'!$W$7:$W$42,"") | L11: =_xlfn.XLOOKUP(I11,'3-2. AI위험(안전성) 식별 및 평가'!$E$7:$E$42,'3-2. AI위험(안전성) 식별 및 평가'!$X$7:$X$42,"") | M11: =_xlfn.XLOOKUP(I11,'3-2. AI위험(안전성) 식별 및 평가'!$E$7:$E$42,'3-2. AI위험(안전성) 식별 및 평가'!$AF$7:$AF$42,"") -> 0
B12: 오작동 (Malfunctions) | C12: 편향성 (Bias) | D12: =COUNTIFS('3-2. AI위험(안전성) 식별 및 평가'!$D$7:$D$42,C12,'3-2. AI위험(안전성) 식별 및 평가'!$F$7:$F$42,"yes") -> 0 | F12: R-06 | G12: 악용 (Malicious use) | H12: 사이버 범죄 (Cyber offence) | I12: 프롬프트 인젝션으로 내부 정보 유출 | J12: =_xlfn.XLOOKUP(I12,'3-2. AI위험(안전성) 식별 및 평가'!$E$7:$E$42,'3-2. AI위험(안전성) 식별 및 평가'!$F$7:$F$42,"") -> 0 | K12: =_xlfn.XLOOKUP(I12,'3-2. AI위험(안전성) 식별 및 평가'!$E$7:$E$42,'3-2. AI위험(안전성) 식별 및 평가'!$W$7:$W$42,"") | L12: =_xlfn.XLOOKUP(I12,'3-2. AI위험(안전성) 식별 및 평가'!$E$7:$E$42,'3-2. AI위험(안전성) 식별 및 평가'!$X$7:$X$42,"") | M12: =_xlfn.XLOOKUP(I12,'3-2. AI위험(안전성) 식별 및 평가'!$E$7:$E$42,'3-2. AI위험(안전성) 식별 및 평가'!$AF$7:$AF$42,"") -> 0
B13: 오작동 (Malfunctions) | C13: 통제 불능 (Loss of Control) | D13: =COUNTIFS('3-2. AI위험(안전성) 식별 및 평가'!$D$7:$D$42,C13,'3-2. AI위험(안전성) 식별 및 평가'!$F$7:$F$42,"yes") -> 0 | F13: R-07 | G13: 악용 (Malicious use) | H13: 사이버 범죄 (Cyber offence) | I13: 간접 프롬프트 인젝션(문서/웹) | J13: =_xlfn.XLOOKUP(I13,'3-2. AI위험(안전성) 식별 및 평가'!$E$7:$E$42,'3-2. AI위험(안전성) 식별 및 평가'!$F$7:$F$42,"") -> 0 | K13: =_xlfn.XLOOKUP(I13,'3-2. AI위험(안전성) 식별 및 평가'!$E$7:$E$42,'3-2. AI위험(안전성) 식별 및 평가'!$W$7:$W$42,"") | L13: =_xlfn.XLOOKUP(I13,'3-2. AI위험(안전성) 식별 및 평가'!$E$7:$E$42,'3-2. AI위험(안전성) 식별 및 평가'!$X$7:$X$42,"") | M13: =_xlfn.XLOOKUP(I13,'3-2. AI위험(안전성) 식별 및 평가'!$E$7:$E$42,'3-2. AI위험(안전성) 식별 및 평가'!$AF$7:$AF$42,"") -> 0
B14: 합계 | D14: 0 | F14: R-08 | G14: 악용 (Malicious use) | H14: 사이버 범죄 (Cyber offence) | I14: 데이터 포이즈닝으로 편향 분석 생성 | J14: =_xlfn.XLOOKUP(I14,'3-2. AI위험(안전성) 식별 및 평가'!$E$7:$E$42,'3-2. AI위험(안전성) 식별 및 평가'!$F$7:$F$42,"") -> 0 | K14: =_xlfn.XLOOKUP(I14,'3-2. AI위험(안전성) 식별 및 평가'!$E$7:$E$42,'3-2. AI위험(안전성) 식별 및 평가'!$W$7:$W$42,"") | L14: =_xlfn.XLOOKUP(I14,'3-2. AI위험(안전성) 식별 및 평가'!$E$7:$E$42,'3-2. AI위험(안전성) 식별 및 평가'!$X$7:$X$42,"") | M14: =_xlfn.XLOOKUP(I14,'3-2. AI위험(안전성) 식별 및 평가'!$E$7:$E$42,'3-2. AI위험(안전성) 식별 및 평가'!$AF$7:$AF$42,"") -> 0
B15: 구조적 위험 (Systemic) | C15: 노동시장 위험 (Labour market risks) | D15: =COUNTIFS('3-2. AI위험(안전성) 식별 및 평가'!$D$7:$D$42,C15,'3-2. AI위험(안전성) 식별 및 평가'!$F$7:$F$42,"yes") -> 0 | F15: R-09 | G15: 악용 (Malicious use) | H15: 사이버 범죄 (Cyber offence) | I15: API 키 탈취로 무단 사용 | J15: =_xlfn.XLOOKUP(I15,'3-2. AI위험(안전성) 식별 및 평가'!$E$7:$E$42,'3-2. AI위험(안전성) 식별 및 평가'!$F$7:$F$42,"") -> 0 | K15: =_xlfn.XLOOKUP(I15,'3-2. AI위험(안전성) 식별 및 평가'!$E$7:$E$42,'3-2. AI위험(안전성) 식별 및 평가'!$W$7:$W$42,"") | L15: =_xlfn.XLOOKUP(I15,'3-2. AI위험(안전성) 식별 및 평가'!$E$7:$E$42,'3-2. AI위험(안전성) 식별 및 평가'!$X$7:$X$42,"") | M15: =_xlfn.XLOOKUP(I15,'3-2. AI위험(안전성) 식별 및 평가'!$E$7:$E$42,'3-2. AI위험(안전성) 식별 및 평가'!$AF$7:$AF$42,"") -> 0
B16: 구조적 위험 (Systemic) | C16: 글로벌 AI 연구개발 격차 (Global AI R&D divide) | D16: =COUNTIFS('3-2. AI위험(안전성) 식별 및 평가'!$D$7:$D$42,C16,'3-2. AI위험(안전성) 식별 및 평가'!$F$7:$F$42,"yes") -> 0 | F16: R-10 | G16: 오작동 (Malfunctions) | H16: 신뢰성 문제 (Reliability issues) | I16: 환각으로 허위 투자 정보 생성 | J16: =_xlfn.XLOOKUP(I16,'3-2. AI위험(안전성) 식별 및 평가'!$E$7:$E$42,'3-2. AI위험(안전성) 식별 및 평가'!$F$7:$F$42,"") -> 0 | K16: =_xlfn.XLOOKUP(I16,'3-2. AI위험(안전성) 식별 및 평가'!$E$7:$E$42,'3-2. AI위험(안전성) 식별 및 평가'!$W$7:$W$42,"") | L16: =_xlfn.XLOOKUP(I16,'3-2. AI위험(안전성) 식별 및 평가'!$E$7:$E$42,'3-2. AI위험(안전성) 식별 및 평가'!$X$7:$X$42,"") | M16: =_xlfn.XLOOKUP(I16,'3-2. AI위험(안전성) 식별 및 평가'!$E$7:$E$42,'3-2. AI위험(안전성) 식별 및 평가'!$AF$7:$AF$42,"") -> 0
B17: 구조적 위험 (Systemic) | C17: 시스템 중앙집중화 (System concentration) | D17: =COUNTIFS('3-2. AI위험(안전성) 식별 및 평가'!$D$7:$D$42,C17,'3-2. AI위험(안전성) 식별 및 평가'!$F$7:$F$42,"yes") -> 0 | F17: R-11 | G17: 오작동 (Malfunctions) | H17: 신뢰성 문제 (Reliability issues) | I17: 요약 오류로 핵심 리스크 누락 | J17: =_xlfn.XLOOKUP(I17,'3-2. AI위험(안전성) 식별 및 평가'!$E$7:$E$42,'3-2. AI위험(안전성) 식별 및 평가'!$F$7:$F$42,"") -> 0 | K17: =_xlfn.XLOOKUP(I17,'3-2. AI위험(안전성) 식별 및 평가'!$E$7:$E$42,'3-2. AI위험(안전성) 식별 및 평가'!$W$7:$W$42,"") | L17: =_xlfn.XLOOKUP(I17,'3-2. AI위험(안전성) 식별 및 평가'!$E$7:$E$42,'3-2. AI위험(안전성) 식별 및 평가'!$X$7:$X$42,"") | M17: =_xlfn.XLOOKUP(I17,'3-2. AI위험(안전성) 식별 및 평가'!$E$7:$E$42,'3-2. AI위험(안전성) 식별 및 평가'!$AF$7:$AF$42,"") -> 0
B18: 합계 | D18: 0 | F18: R-12 | G18: 오작동 (Malfunctions) | H18: 신뢰성 문제 (Reliability issues) | I18: 규정·약관 오답 제공 | J18: =_xlfn.XLOOKUP(I18,'3-2. AI위험(안전성) 식별 및 평가'!$E$7:$E$42,'3-2. AI위험(안전성) 식별 및 평가'!$F$7:$F$42,"") -> 0 | K18: =_xlfn.XLOOKUP(I18,'3-2. AI위험(안전성) 식별 및 평가'!$E$7:$E$42,'3-2. AI위험(안전성) 식별 및 평가'!$W$7:$W$42,"") | L18: =_xlfn.XLOOKUP(I18,'3-2. AI위험(안전성) 식별 및 평가'!$E$7:$E$42,'3-2. AI위험(안전성) 식별 및 평가'!$X$7:$X$42,"") | M18: =_xlfn.XLOOKUP(I18,'3-2. AI위험(안전성) 식별 및 평가'!$E$7:$E$42,'3-2. AI위험(안전성) 식별 및 평가'!$AF$7:$AF$42,"") -> 0
F19: R-13 | G19: 오작동 (Malfunctions) | H19: 신뢰성 문제 (Reliability issues) | I19: 코드 생성 오류로 리스크 산정 실패 | J19: =_xlfn.XLOOKUP(I19,'3-2. AI위험(안전성) 식별 및 평가'!$E$7:$E$42,'3-2. AI위험(안전성) 식별 및 평가'!$F$7:$F$42,"") -> 0 | K19: =_xlfn.XLOOKUP(I19,'3-2. AI위험(안전성) 식별 및 평가'!$E$7:$E$42,'3-2. AI위험(안전성) 식별 및 평가'!$W$7:$W$42,"") | L19: =_xlfn.XLOOKUP(I19,'3-2. AI위험(안전성) 식별 및 평가'!$E$7:$E$42,'3-2. AI위험(안전성) 식별 및 평가'!$X$7:$X$42,"") | M19: =_xlfn.XLOOKUP(I19,'3-2. AI위험(안전성) 식별 및 평가'!$E$7:$E$42,'3-2. AI위험(안전성) 식별 및 평가'!$AF$7:$AF$42,"") -> 0
F20: R-14 | G20: 오작동 (Malfunctions) | H20: 편향성 (Bias) | I20: 고객군 편향으로 적합성 훼손 | J20: =_xlfn.XLOOKUP(I20,'3-2. AI위험(안전성) 식별 및 평가'!$E$7:$E$42,'3-2. AI위험(안전성) 식별 및 평가'!$F$7:$F$42,"") -> 0 | K20: =_xlfn.XLOOKUP(I20,'3-2. AI위험(안전성) 식별 및 평가'!$E$7:$E$42,'3-2. AI위험(안전성) 식별 및 평가'!$W$7:$W$42,"") | L20: =_xlfn.XLOOKUP(I20,'3-2. AI위험(안전성) 식별 및 평가'!$E$7:$E$42,'3-2. AI위험(안전성) 식별 및 평가'!$X$7:$X$42,"") | M20: =_xlfn.XLOOKUP(I20,'3-2. AI위험(안전성) 식별 및 평가'!$E$7:$E$42,'3-2. AI위험(안전성) 식별 및 평가'!$AF$7:$AF$42,"") -> 0
F21: R-15 | G21: 오작동 (Malfunctions) | H21: 편향성 (Bias) | I21: 시장감시 모델 편향 | J21: =_xlfn.XLOOKUP(I21,'3-2. AI위험(안전성) 식별 및 평가'!$E$7:$E$42,'3-2. AI위험(안전성) 식별 및 평가'!$F$7:$F$42,"") -> 0 | K21: =_xlfn.XLOOKUP(I21,'3-2. AI위험(안전성) 식별 및 평가'!$E$7:$E$42,'3-2. AI위험(안전성) 식별 및 평가'!$W$7:$W$42,"") | L21: =_xlfn.XLOOKUP(I21,'3-2. AI위험(안전성) 식별 및 평가'!$E$7:$E$42,'3-2. AI위험(안전성) 식별 및 평가'!$X$7:$X$42,"") | M21: =_xlfn.XLOOKUP(I21,'3-2. AI위험(안전성) 식별 및 평가'!$E$7:$E$42,'3-2. AI위험(안전성) 식별 및 평가'!$AF$7:$AF$42,"") -> 0
F22: R-16 | G22: 오작동 (Malfunctions) | H22: 통제 불능 (Loss of control) | I22: Automation bias로 감독 상실 | J22: =_xlfn.XLOOKUP(I22,'3-2. AI위험(안전성) 식별 및 평가'!$E$7:$E$42,'3-2. AI위험(안전성) 식별 및 평가'!$F$7:$F$42,"") -> 0 | K22: =_xlfn.XLOOKUP(I22,'3-2. AI위험(안전성) 식별 및 평가'!$E$7:$E$42,'3-2. AI위험(안전성) 식별 및 평가'!$W$7:$W$42,"") | L22: =_xlfn.XLOOKUP(I22,'3-2. AI위험(안전성) 식별 및 평가'!$E$7:$E$42,'3-2. AI위험(안전성) 식별 및 평가'!$X$7:$X$42,"") | M22: =_xlfn.XLOOKUP(I22,'3-2. AI위험(안전성) 식별 및 평가'!$E$7:$E$42,'3-2. AI위험(안전성) 식별 및 평가'!$AF$7:$AF$42,"") -> 0
F23: R-17 | G23: 오작동 (Malfunctions) | H23: 통제 불능 (Loss of control) | I23: 자율 에이전트 연쇄 주문 실행 | J23: =_xlfn.XLOOKUP(I23,'3-2. AI위험(안전성) 식별 및 평가'!$E$7:$E$42,'3-2. AI위험(안전성) 식별 및 평가'!$F$7:$F$42,"") -> 0 | K23: =_xlfn.XLOOKUP(I23,'3-2. AI위험(안전성) 식별 및 평가'!$E$7:$E$42,'3-2. AI위험(안전성) 식별 및 평가'!$W$7:$W$42,"") | L23: =_xlfn.XLOOKUP(I23,'3-2. AI위험(안전성) 식별 및 평가'!$E$7:$E$42,'3-2. AI위험(안전성) 식별 및 평가'!$X$7:$X$42,"") | M23: =_xlfn.XLOOKUP(I23,'3-2. AI위험(안전성) 식별 및 평가'!$E$7:$E$42,'3-2. AI위험(안전성) 식별 및 평가'!$AF$7:$AF$42,"") -> 0
F24: R-18 | G24: 악용 (Malicious use) | H24: 사이버 범죄 (Cyber offence) | I24: 툴 오용으로 계좌/주문 API 실행 | J24: =_xlfn.XLOOKUP(I24,'3-2. AI위험(안전성) 식별 및 평가'!$E$7:$E$42,'3-2. AI위험(안전성) 식별 및 평가'!$F$7:$F$42,"") -> 0 | K24: =_xlfn.XLOOKUP(I24,'3-2. AI위험(안전성) 식별 및 평가'!$E$7:$E$42,'3-2. AI위험(안전성) 식별 및 평가'!$W$7:$W$42,"") | L24: =_xlfn.XLOOKUP(I24,'3-2. AI위험(안전성) 식별 및 평가'!$E$7:$E$42,'3-2. AI위험(안전성) 식별 및 평가'!$X$7:$X$42,"") | M24: =_xlfn.XLOOKUP(I24,'3-2. AI위험(안전성) 식별 및 평가'!$E$7:$E$42,'3-2. AI위험(안전성) 식별 및 평가'!$AF$7:$AF$42,"") -> 0
F25: R-19 | G25: 악용 (Malicious use) | H25: 사이버 범죄 (Cyber offence) | I25: 프롬프트·로그 내 개인정보 유출 | J25: =_xlfn.XLOOKUP(I25,'3-2. AI위험(안전성) 식별 및 평가'!$E$7:$E$42,'3-2. AI위험(안전성) 식별 및 평가'!$F$7:$F$42,"") -> 0 | K25: =_xlfn.XLOOKUP(I25,'3-2. AI위험(안전성) 식별 및 평가'!$E$7:$E$42,'3-2. AI위험(안전성) 식별 및 평가'!$W$7:$W$42,"") | L25: =_xlfn.XLOOKUP(I25,'3-2. AI위험(안전성) 식별 및 평가'!$E$7:$E$42,'3-2. AI위험(안전성) 식별 및 평가'!$X$7:$X$42,"") | M25: =_xlfn.XLOOKUP(I25,'3-2. AI위험(안전성) 식별 및 평가'!$E$7:$E$42,'3-2. AI위험(안전성) 식별 및 평가'!$AF$7:$AF$42,"") -> 0
F26: R-20 | G26: 오작동 (Malfunctions) | H26: 신뢰성 문제 (Reliability issues) | I26: 정보 최신성 미반영 | J26: =_xlfn.XLOOKUP(I26,'3-2. AI위험(안전성) 식별 및 평가'!$E$7:$E$42,'3-2. AI위험(안전성) 식별 및 평가'!$F$7:$F$42,"") -> 0 | K26: =_xlfn.XLOOKUP(I26,'3-2. AI위험(안전성) 식별 및 평가'!$E$7:$E$42,'3-2. AI위험(안전성) 식별 및 평가'!$W$7:$W$42,"") | L26: =_xlfn.XLOOKUP(I26,'3-2. AI위험(안전성) 식별 및 평가'!$E$7:$E$42,'3-2. AI위험(안전성) 식별 및 평가'!$X$7:$X$42,"") | M26: =_xlfn.XLOOKUP(I26,'3-2. AI위험(안전성) 식별 및 평가'!$E$7:$E$42,'3-2. AI위험(안전성) 식별 및 평가'!$AF$7:$AF$42,"") -> 0
F27: R-21 | G27: 구조적 위험 (Systemic) | H27: 노동시장 위험 (Labour market risks) | I27: 검증 역량 약화 | J27: =_xlfn.XLOOKUP(I27,'3-2. AI위험(안전성) 식별 및 평가'!$E$7:$E$42,'3-2. AI위험(안전성) 식별 및 평가'!$F$7:$F$42,"") -> 0 | K27: =_xlfn.XLOOKUP(I27,'3-2. AI위험(안전성) 식별 및 평가'!$E$7:$E$42,'3-2. AI위험(안전성) 식별 및 평가'!$W$7:$W$42,"") | L27: =_xlfn.XLOOKUP(I27,'3-2. AI위험(안전성) 식별 및 평가'!$E$7:$E$42,'3-2. AI위험(안전성) 식별 및 평가'!$X$7:$X$42,"") | M27: =_xlfn.XLOOKUP(I27,'3-2. AI위험(안전성) 식별 및 평가'!$E$7:$E$42,'3-2. AI위험(안전성) 식별 및 평가'!$AF$7:$AF$42,"") -> 0
F28: R-22 | G28: 구조적 위험 (Systemic) | H28: 글로벌 AI 연구개발 격차 (Global AI R&D divide) | I28: 해외 AI 벤더 종속 | J28: =_xlfn.XLOOKUP(I28,'3-2. AI위험(안전성) 식별 및 평가'!$E$7:$E$42,'3-2. AI위험(안전성) 식별 및 평가'!$F$7:$F$42,"") -> 0 | K28: =_xlfn.XLOOKUP(I28,'3-2. AI위험(안전성) 식별 및 평가'!$E$7:$E$42,'3-2. AI위험(안전성) 식별 및 평가'!$W$7:$W$42,"") | L28: =_xlfn.XLOOKUP(I28,'3-2. AI위험(안전성) 식별 및 평가'!$E$7:$E$42,'3-2. AI위험(안전성) 식별 및 평가'!$X$7:$X$42,"") | M28: =_xlfn.XLOOKUP(I28,'3-2. AI위험(안전성) 식별 및 평가'!$E$7:$E$42,'3-2. AI위험(안전성) 식별 및 평가'!$AF$7:$AF$42,"") -> 0
F29: R-23 | G29: 구조적 위험 (Systemic) | H29: 시스템 중앙집중화 (System concentration) | I29: 단일 LLM 장애로 서비스 마비 | J29: =_xlfn.XLOOKUP(I29,'3-2. AI위험(안전성) 식별 및 평가'!$E$7:$E$42,'3-2. AI위험(안전성) 식별 및 평가'!$F$7:$F$42,"") -> 0 | K29: =_xlfn.XLOOKUP(I29,'3-2. AI위험(안전성) 식별 및 평가'!$E$7:$E$42,'3-2. AI위험(안전성) 식별 및 평가'!$W$7:$W$42,"") | L29: =_xlfn.XLOOKUP(I29,'3-2. AI위험(안전성) 식별 및 평가'!$E$7:$E$42,'3-2. AI위험(안전성) 식별 및 평가'!$X$7:$X$42,"") | M29: =_xlfn.XLOOKUP(I29,'3-2. AI위험(안전성) 식별 및 평가'!$E$7:$E$42,'3-2. AI위험(안전성) 식별 및 평가'!$AF$7:$AF$42,"") -> 0
F30: R-24 | G30: 악용 (Malicious use) | H30: 허위 정보로 인한 피해 (Harm through fake content) | I30: 합성 신분으로 비대면 인증 우회 | J30: =_xlfn.XLOOKUP(I30,'3-2. AI위험(안전성) 식별 및 평가'!$E$7:$E$42,'3-2. AI위험(안전성) 식별 및 평가'!$F$7:$F$42,"") -> 0 | K30: =_xlfn.XLOOKUP(I30,'3-2. AI위험(안전성) 식별 및 평가'!$E$7:$E$42,'3-2. AI위험(안전성) 식별 및 평가'!$W$7:$W$42,"") | L30: =_xlfn.XLOOKUP(I30,'3-2. AI위험(안전성) 식별 및 평가'!$E$7:$E$42,'3-2. AI위험(안전성) 식별 및 평가'!$X$7:$X$42,"") | M30: =_xlfn.XLOOKUP(I30,'3-2. AI위험(안전성) 식별 및 평가'!$E$7:$E$42,'3-2. AI위험(안전성) 식별 및 평가'!$AF$7:$AF$42,"") -> 0
... F42: R-36 | G42: 악용 (Malicious use) | H42: 사이버 범죄 (Cyber offence) | I42: 챗봇 입력으로 개인정보 처리 범위 초과 | J42: =_xlfn.XLOOKUP(I42,'3-2. AI위험(안전성) 식별 및 평가'!$E$7:$E$42,'3-2. AI위험(안전성) 식별 및 평가'!$F$7:$F$42,"") -> 0 | K42: =_xlfn.XLOOKUP(I42,'3-2. AI위험(안전성) 식별 및 평가'!$E$7:$E$42,'3-2. AI위험(안전성) 식별 및 평가'!$W$7:$W$42,"") | L42: =_xlfn.XLOOKUP(I42,'3-2. AI위험(안전성) 식별 및 평가'!$E$7:$E$42,'3-2. AI위험(안전성) 식별 및 평가'!$X$7:$X$42,"") | M42: =_xlfn.XLOOKUP(I42,'3-2. AI위험(안전성) 식별 및 평가'!$E$7:$E$42,'3-2. AI위험(안전성) 식별 및 평가'!$AF$7:$AF$42,"") -> 0

Sheet 3-2. AI위험(안전성) 식별 및 평가
B2: 1. AI 위험(안전성) 식별 | Q2: 2. AI 위험(안전성) 평가 | AF2: 3. AI 위험(안전성) 완화 조치
B3: 안전성 확보 대상의 책무를 이행하기 위해, AI 서비스에 해당하는 AI 위험(안전성) 식별(Lv.3 기준 해당 여부 Yes/No 선택) 및 사유 작성 [작성 가이드] - 엑셀의 노란색 영역(F~O열)이 작성 영역입니다 - 위험 정의 시트((Ref.)AI안전성 위험상세)를 참고하여 해당 위험의 정의를 확인해 주세요 - AI 서비스가 위험에 해당하는지 F열에 Yes 혹은 No로 답변을 선택해 주시고, G~O열에 상세한 내용을 작성해 주세요. - 해당 위험을 식별한 담당자의 업무담당 소속을 H열에 기입해주세요 (예: AI 서비스기획, AI 개발) - AI 서비스가 위험에 해당할 경우, 위험 식별 문서화(AI위험평가서)를 위해 I~O열을 작성해 주세요. | Q3: [작성 가이드] - 엑설의 파란색 영역(Q~X열)이 작성 영역입니다. - 식별된 위험을 객관적이고 신뢰성 있게 평가하기 위하여, 위험 평가 전담 조직이 수행하며, 필요한 경우 외부 기관 또는 전문가의 참여시킬 수 있습니다. - 위험으로 식별된 경우 (F열이 Yes인 경우), 위험 식별번호를 기준으로 개별 위험 단위별로 평가를 수행해주세요. Q~V열에 위험을 정량&정성으로 평가해주세요. 기타 의견이 있는 경우, V열에 상세 검토 의견을 작성해 주세요. . 영향의 심각성: 위험이 현실화될 경우 사람의 생명䞻신체의 안전 또는 기본권, 공공의 안전에 미칠 수 있는 피해의 크기 . 중대성: 위험이 실현될 경우 사회적䞻경제적䞻윤리적으로 미칠 수 있는 파급력의 범위와 정도 . 실현 가능성: 위험이 실제로 발생할 수 있는 가능성으로서, 기술적 전제조건의 충족 여부, 악용 또는 오남용의 용이성, 과거 발생 사례 등을 종합적으로 고려 . 빈도: 위험이 일회성에 그치지 않고 반복적으로 발생할 가능성 . 관리 가능성: 위험 발생 시 기술적䞻조직적 수단을 통해 통제䞻완화할 수 있는 정도 - 위험 점수 총합 (W열)과 대응조치(X열)은 자동 업데이트 됩니다. . 위험 점수 = (심각성 × 중대성) × (실현가능성 × 빈도) × (1/관리가능성) . 대응조치: 100점 이상: 즉시 조치 필요 / 20-99점: 1개월 내 대응 / 20점 미만: 정기 모니터링 - AI거버넌스담당자는 위험 평가 결과 검증(Y~Z열)을 수행한다. | AF3: [작성 가이드] - 엑셀의 초록색 영역(AF~AI열)이 작성 영역입니다 - 식별 및 평가된 AI위험(안전성)의 완화 조치를 실행해주세요. 위험 정의 시트를 참고하여 해당 위험의 정의를 확인해 주세요
B5: 번호 | C5: 위험(Lv1) | D5: 위험(Lv2) | E5: 위험(Lv3) | F5: 위험 해당 여부 (Yes / No) | G5: 상세 검토 의견 | H5: 업무 담당 | I5: 위험 ID | J5: 위험 구분 | K5: 위험식별 시점 | M5: 변경이력 | N5: 위험식별 방법 | O5: 위험식별 결과 | Q5: 평가항목 | W5: 위험 점수 총합 | X5: 대응조치 | Y5: 평가구분 | Z5: 최초평가 | AA5: 재평가 | AB5: 평가주체 | AC5: 위험 평가 결과 확인 | AF5: 완화 방안 적용 여부 (Yes / No) | AG5: 완화 조치 시점 | AH5: 위험 완화·제거 방법 | AI5: 잔여 위험
K6: 최초 식별 | L6: 재식별 | Q6: 심각성 | R6: 중대성 | S6: 실현 가능성 | T6: 빈도 | U6: 관리 가능성 | V6: 상세 검토 의견 | AC6: 평과 결과 검증 | AD6: 상세 검토 의견
B7: R-01 | C7: 악용 (Malicious use) | D7: 허위 정보로 인한 피해 (Harm through fake content) | E7: 임원 음성 딥페이크 송금 사기 | I7: R-01-20260204-01 | J7: 현존 위험 | K7: 2026. 02. 04. | L7: 2026. 05. 04. | M7: 심각도 상향 (중→고) | N7: - 배포 전 레드팀 테스트 수행 결과 - 공개된 유사 인공지능의 프롬프트 인젝션 악용 사례 분석 병행 | O7: - 외부 입력을 통해 시스템 지침을 우회하거나 응답을 왜곡할 수 있는 가능성이 확인됨 - 악의적 사용자가 특정 지시를 삽입할 경우, 의도하지 않은 정보 제공 또는 정책 위반 응답이 발생할 수 있음 - 다수 이용자를 대상으로 반복적·확산적으로 영향을 미칠 수 있는 구조적 취약점으로 판단됨 | W7: =IFERROR((Q7*R7)*(S7*T7)*(1/U7),"") | X7: =IF(OR(W7=0,W7=""),"",IF(W7>=100,"즉시조치필요",IF(AND(W7>=20,W7<100),"1개월내대응","정기모니터링")))
B8: R-02 | C8: 악용 (Malicious use) | D8: 허위 정보로 인한 피해 (Harm through fake content) | E8: 가짜 리서치 리포트 유포 | W8: =IFERROR((Q8*R8)*(S8*T8)*(1/U8),"") | X8: =IF(OR(W8=0,W8=""),"",IF(W8>=100,"즉시조치필요",IF(AND(W8>=20,W8<100),"1개월내대응","정기모니터링")))
B9: R-03 | C9: 악용 (Malicious use) | D9: 허위 정보로 인한 피해 (Harm through fake content) | E9: 상담 녹취 합성에 따른 불완전판매 분쟁 | W9: =IFERROR((Q9*R9)*(S9*T9)*(1/U9),"") | X9: =IF(OR(W9=0,W9=""),"",IF(W9>=100,"즉시조치필요",IF(AND(W9>=20,W9<100),"1개월내대응","정기모니터링")))
B10: R-04 | C10: 악용 (Malicious use) | D10: 여론조작 (Manipulation of public opinion) | E10: AI 루머 확산에 따른 시세 교란 | W10: =IFERROR((Q10*R10)*(S10*T10)*(1/U10),"") | X10: =IF(OR(W10=0,W10=""),"",IF(W10>=100,"즉시조치필요",IF(AND(W10>=20,W10<100),"1개월내대응","정기모니터링")))
B11: R-05 | C11: 악용 (Malicious use) | D11: 여론조작 (Manipulation of public opinion) | E11: AI 분석 권위 포장에 의한 투자자 기만 | W11: =IFERROR((Q11*R11)*(S11*T11)*(1/U11),"") | X11: =IF(OR(W11=0,W11=""),"",IF(W11>=100,"즉시조치필요",IF(AND(W11>=20,W11<100),"1개월내대응","정기모니터링")))
B12: R-06 | C12: 악용 (Malicious use) | D12: 사이버 범죄 (Cyber offence) | E12: 프롬프트 인젝션으로 내부 정보 유출 | W12: =IFERROR((Q12*R12)*(S12*T12)*(1/U12),"") | X12: =IF(OR(W12=0,W12=""),"",IF(W12>=100,"즉시조치필요",IF(AND(W12>=20,W12<100),"1개월내대응","정기모니터링")))
B13: R-07 | C13: 악용 (Malicious use) | D13: 사이버 범죄 (Cyber offence) | E13: 간접 프롬프트 인젝션(문서/웹) | W13: =IFERROR((Q13*R13)*(S13*T13)*(1/U13),"") | X13: =IF(OR(W13=0,W13=""),"",IF(W13>=100,"즉시조치필요",IF(AND(W13>=20,W13<100),"1개월내대응","정기모니터링")))
B14: R-08 | C14: 악용 (Malicious use) | D14: 사이버 범죄 (Cyber offence) | E14: 데이터 포이즈닝으로 편향 분석 생성 | W14: =IFERROR((Q14*R14)*(S14*T14)*(1/U14),"") | X14: =IF(OR(W14=0,W14=""),"",IF(W14>=100,"즉시조치필요",IF(AND(W14>=20,W14<100),"1개월내대응","정기모니터링")))
B15: R-09 | C15: 악용 (Malicious use) | D15: 사이버 범죄 (Cyber offence) | E15: API 키 탈취로 무단 사용 | W15: =IFERROR((Q15*R15)*(S15*T15)*(1/U15),"") | X15: =IF(OR(W15=0,W15=""),"",IF(W15>=100,"즉시조치필요",IF(AND(W15>=20,W15<100),"1개월내대응","정기모니터링")))
B16: R-10 | C16: 오작동 (Malfunctions) | D16: 신뢰성 문제 (Reliability issues) | E16: 환각으로 허위 투자 정보 생성 | W16: =IFERROR((Q16*R16)*(S16*T16)*(1/U16),"") | X16: =IF(OR(W16=0,W16=""),"",IF(W16>=100,"즉시조치필요",IF(AND(W16>=20,W16<100),"1개월내대응","정기모니터링")))
B17: R-11 | C17: 오작동 (Malfunctions) | D17: 신뢰성 문제 (Reliability issues) | E17: 요약 오류로 핵심 리스크 누락 | W17: =IFERROR((Q17*R17)*(S17*T17)*(1/U17),"") | X17: =IF(OR(W17=0,W17=""),"",IF(W17>=100,"즉시조치필요",IF(AND(W17>=20,W17<100),"1개월내대응","정기모니터링")))
B18: R-12 | C18: 오작동 (Malfunctions) | D18: 신뢰성 문제 (Reliability issues) | E18: 규정·약관 오답 제공 | W18: =IFERROR((Q18*R18)*(S18*T18)*(1/U18),"") | X18: =IF(OR(W18=0,W18=""),"",IF(W18>=100,"즉시조치필요",IF(AND(W18>=20,W18<100),"1개월내대응","정기모니터링")))
B19: R-13 | C19: 오작동 (Malfunctions) | D19: 신뢰성 문제 (Reliability issues) | E19: 코드 생성 오류로 리스크 산정 실패 | W19: =IFERROR((Q19*R19)*(S19*T19)*(1/U19),"") | X19: =IF(OR(W19=0,W19=""),"",IF(W19>=100,"즉시조치필요",IF(AND(W19>=20,W19<100),"1개월내대응","정기모니터링")))
... B42: R-36 | C42: 악용 (Malicious use) | D42: 사이버 범죄 (Cyber offence) | E42: 챗봇 입력으로 개인정보 처리 범위 초과 | W42: =IFERROR((Q42*R42)*(S42*T42)*(1/U42),"") | X42: =IF(OR(W42=0,W42=""),"",IF(W42>=100,"즉시조치필요",IF(AND(W42>=20,W42<100),"1개월내대응","정기모니터링")))

Sheet (서식예시) AI위험평가서(위험ID)
B2: ■ AI위험 식별내용
B3: 위험ID | C3: R-01-20260204-01 | D3: 위험유형(Lv1) | E3: 악용 (Malicious use)
B4: 위험명 | C4: XXXXXXXX | D4: 위험유형(Lv2) | E4: 허위 정보로 인한 피해 (Harm through fake content)
B5: 구분 | C5: 현존 위험 | D5: 위험유형(Lv3) | E5: 임원 음성 딥페이크 송금 사기
B7: 최초식별 | C7: 2026. 02. 04. | D7: 위험식별 방법 | E7: - 배포 전 레드팀 테스트 수행 결과 - 공개된 유사 인공지능의 프롬프트 인젝션 악용 사례 분석 병행
B8: 재식별 | C8: 2026. 05. 04.
B9: 변경이력 | C9: 심각도 상향 (중→고)
B10: 식별 결과 | C10: - 외부 입력을 통해 시스템 지침을 우회하거나 응답을 왜곡할 수 있는 가능성이 확인됨 - 악의적 사용자가 특정 지시를 삽입할 경우, 의도하지 않은 정보 제공 또는 정책 위반 응답이 발생할 수 있음 - 다수 이용자를 대상으로 반복적·확산적으로 영향을 미칠 수 있는 구조적 취약점으로 판단됨
B12: ■ AI위험 평가개요
B13: 평가구분 | C13: 정기평가 | D13: 최초평가 | E13: 2026. 05. 06.
B14: 평가주체 | C14: AI서비스기획부 | D14: 재평가 | E14: 2026. 06. 06.
B16: ■ AI위험 평가상세
B17: 평가항목 | C17: 평가항목설명 | D17: 평가점수 | E17: 평가점수 산정근거
B18: 심각성 | C18: 위험이 현실화될 경우 초래하는 피해의 크기
B19: 중대성 | C19: 위험이 실현될 경우 사회, 경제적, 윤리적으로 초래할 수 있는 파급력
B20: 실현가능성 | C20: 위험이 실제로 발생할 수 있는 가능성
B21: 빈도 | C21: 위험이 반복적으로 발생할 가능성
B22: 관리가능성 | C22: 위험 발생 시 통제, 대응할 수 있는 정도
B24: 위험점수 | C24: =IFERROR((D18*D19)*(D20*D21)*(1/D22),"") | D24: 대응조치 | E24: =IF(OR(C24=0,C24=""),"",IF(C24>=100,"즉시조치필요",IF(AND(C24>=20,C24<100),"1개월내대응","정기모니터링")))
B25: 조치내용 | D25: 완화비율
B26: 재평가점수 | C26: =IF(E25="","",C24*(1-E25)) | D26: 완화결과 | E26: =IF(E25="","",IF(C26>=100,"즉시조치필요",IF(AND(20<=C26,C26<100),"1개월내대응","정기모니터링")))

Sheet Reference)

Sheet (Ref.)AI안전성 위험상세
E1: 안전성 위험 명칭
B2: L1 위험 분류 | C2: L2 위험 분류 | D2: 위험 ID | E2: Lv3 위험 분류 | F2: 위험 정의 | G2: 증권회사 특화 발생 시나리오 / 사례 | H2: 주요 업무 영역 | I2: 주요 영향 영역 | J2: 위험 발생 원인(Trigger) | K2: 사전 예방 통제 | L2: 사후 탐지·대응 통제 | M2: Human-in-the-loop 여부 | N2: 관련 법·가이드·프레임워크(S#) | O2: 비고
B3: Malicious use | C3: Harm through fake content | D3: R-01 | E3: 임원 음성 딥페이크 송금 사기 | F3: 합성 음성으로 임원을 사칭하여 금융 거래를 유도 | G3: CFO 음성 사칭 “긴급 송금” 지시 후 실행 | H3: 결제, 운영, 보안 | I3: 재무손실, 평판 | J3: 콜백·이중승인 절차 미흡 | K3: 고위험 거래 2인 승인, 콜백 인증, 음성 단독 승인 금지, 권한 분리 | L3: 이상거래 탐지(FDS), 사고 즉시 계좌 동결 및 보고 | M3: HITL 필수 | N3: S1,S3,S9,S11
B4: Malicious use | C4: Harm through fake content | D4: R-02 | E4: 가짜 리서치 리포트 유포 | F4: 공식 리포트 형식을 위조해 투자 판단을 왜곡 | G4: 허위 목표가 리포트로 주가 급등락 | H4: 리서치, 준법, 시장감시 | I4: 시장질서, 고객피해 | J4: 문서 진위 검증 부재 | K4: 리포트 전자서명, 공식 배포 채널 고정, 준법 사전 승인 | L4: 유사도·위변조 탐지, 정정 공지 및 삭제 요청 | M4: HITL 필수 | N4: S1,S3,S12
B5: Malicious use | C5: Harm through fake content | D5: R-03 | E5: 상담 녹취 합성에 따른 불완전판매 분쟁 | F5: 합성된 녹취가 실제 발언으로 오인 | G5: PB 상담 녹취 합성으로 “원금보장” 주장 | H5: WM, 고객센터, 준법 | I5: 법적 분쟁, 평판 | J5: 녹취 무결성 관리 부재 | K5: 녹취 원본 무결성(해시), 접근 통제, 상담 스크립트 관리 | L5: 민원 키워드 탐지, 녹취 검증 및 분쟁 대응 | M5: HITL 필수 | N5: S1,S3,S11
B6: Malicious use | C6: Manipulation of public opinion | D6: R-04 | E6: AI 루머 확산에 따른 시세 교란 | F6: AI가 허위 정보를 대량 생성·확산 | G6: SNS·커뮤니티에 M&A 루머 자동 게시 | H6: 시장감시, 브로커리지 | I6: 시장질서 훼손 | J6: 콘텐츠 자동화 | K6: SNS 모니터링, AI 자동 배포 금지, 고위험 종목 추가 심사 | L6: 이상거래 연계 분석, 정정 공지 | M6: HITL 필수 | N6: S1,S3,S12
B7: Malicious use | C7: Manipulation of public opinion | D7: R-05 | E7: AI 분석 권위 포장에 의한 투자자 기만 | F7: “AI 분석”이라는 표현으로 허위 정보 신뢰도 증폭 | G7: “AI가 보장” 문구로 특정 상품 유도 | H7: 마케팅, WM, 준법 | I7: 고객피해, 평판 | J7: 표현 통제 미흡 | K7: 수익보장 표현 금지, 정보제공/권유 명확 구분 | L7: 금칙어 탐지, 민원 모니터링 | M7: HITL 필수 | N7: S1,S3
B8: Malicious use | C8: Cyber offence | D8: R-06 | E8: 프롬프트 인젝션으로 내부 정보 유출 | F8: 악성 입력으로 정책 우회·기밀 노출 | G8: RAG 챗봇에서 미공개 딜 정보 노출 | H8: IT, 보안, 리서치 | I8: 정보유출 | J8: 입력 검증 미흡 | K8: 프롬프트 분리, 정책 엔진, 민감정보 마스킹 | L8: 인젝션 패턴 탐지, 로그 감사 | M8: HITL 필수 | N8: S6,S7,S11
B9: Malicious use | C9: Cyber offence | D9: R-07 | E9: 간접 프롬프트 인젝션(문서/웹) | F9: 외부 문서에 숨은 지시로 모델 행동 오염 | G9: 웹 문서 요약 중 비밀 정보 전송 시도 | H9: IT, 보안 | I9: 정보유출 | J9: 외부 콘텐츠 신뢰 | K9: 외부 콘텐츠 샌드박스, 툴 호출 전 승인 | L9: 비정상 툴 호출 탐지, 세션 차단 | M9: HITL 필수 | N9: S6,S7,S11
B10: Malicious use | C10: Cyber offence | D10: R-08 | E10: 데이터 포이즈닝으로 편향 분석 생성 | F10: 지식베이스 오염으로 특정 종목 편향 | G10: RAG 문서에 편향 자료 삽입 | H10: 리서치, WM | I10: 고객피해, 시장왜곡 | J10: 데이터 검증 부재 | K10: 출처 검증, 변경 승인, 데이터 정제 | L10: 문서 변화 탐지, 오염 데이터 롤백 | M10: HITL 권고 | N10: S3,S4,S7
B11: Malicious use | C11: Cyber offence | D11: R-09 | E11: API 키 탈취로 무단 사용 | F11: 키 유출로 무단 호출·정보 접근 | G11: 외주 개발자 키 노출 | H11: IT, 보안 | I11: 정보유출, 비용 증가 | J11: 비밀관리 미흡 | K11: 키 금고, 회전, 최소 권한 | L11: API 사용량 모니터링, 즉시 폐기 | M11: HITL 해당없음 | N11: S6,S11
B12: Malfunctions | C12: Reliability issues | D12: R-10 | E12: 환각으로 허위 투자 정보 생성 | F12: 존재하지 않는 사실을 사실처럼 생성 | G12: 자사주 소각 허위 요약 제공 | H12: 리서치, WM | I12: 고객피해, 평판 | J12: 출처 검증 미흡 | K12: 출처 기반 응답 강제, RAG 사용 | L12: 정합성 검증, 정정 공지 | M12: HITL 필수 | N12: S1,S3,S4
B13: Malfunctions | C13: Reliability issues | D13: R-11 | E13: 요약 오류로 핵심 리스크 누락 | F13: 요약 과정에서 중요 정보 탈락 | G13: 소송 리스크 누락 리포트 배포 | H13: 리서치, 준법 | I13: 법적 리스크 | J13: 요약 검증 부재 | K13: 중요 항목 체크리스트, 이중 검토 | L13: 누락 탐지, 정정 배포 | M13: HITL 필수 | N13: S1,S4
B14: Malfunctions | C14: Reliability issues | D14: R-12 | E14: 규정·약관 오답 제공 | F14: 규정 해석 오류로 잘못 안내 | G14: 신고 필요 거래를 “가능”으로 안내 | H14: 준법, 영업 | I14: 규제위반 | J14: 규정 최신성 미흡 | K14: 근거 조항 링크 의무, 최신 문서만 사용 | L14: 오답 신고 채널, 준법 검토 | M14: HITL 필수 | N14: S3,S4
... B38: Malicious use | C38: Cyber offence | D38: R-36 | E38: 챗봇 입력으로 개인정보 처리 범위 초과 | F38: 불필요한 개인정보 입력·저장 | G38: 입력창에 주민번호 입력 유도 | H38: 고객센터, IT | I38: 규제위반 | J38: 입력 제한 미흡 | K38: 입력 필터, PII 자동 마스킹 | L38: DLP 경보, 즉시 차단 | M38: HITL 권고 | N38: S6,S11

Sheet (Ref.)위험수준 평가 기준
B2: 평가 항목 | C2: 1점 (매우 낮음) | D2: 2점 (낮음) | E2: 3점 (중간) | F2: 4점 (높음) | G2: 5점 (매우 높음)
B3: 심각성 (Severity) “얼마나 크게 다치나?” | C3: 경미한 내부 불편 수준. 실제 피해 거의 없음 (예: 내부 테스트 챗봇의 단순 오답) | D3: 소규모 재무 손실 또는 경미한 고객 불편 (예: 상담봇 오답으로 재문의 발생) | E3: 일부 고객의 금전적 손실 또는 민원 발생 (예: WM 상담 오류로 소액 투자 손실) | F3: 다수 고객 피해 또는 중대한 재무 손실 (예: 잘못된 리서치 요약으로 대규모 매매 손실) | G3: 대규모 재산 피해·시장 혼란·금융시스템 신뢰 붕괴 (예: 허위 정보로 주가 폭락·뱅크런 유발)
B4: 중대성 (Criticality) “어디까지 번지나?” | C4: 조직 내부에 한정된 영향 (예: 단일 부서 업무 지연) | D4: 조직 일부 기능에 영향 (예: 특정 상품 라인의 일시적 중단) | E4: 조직 전반 또는 다수 부서에 영향 (예: 리서치 오류로 전사적 정정 공지) | F4: 금융시장 또는 다수 이해관계자에 영향 (예: 증권사 신뢰 하락, 규제기관 보고 필요) | G4: 사회·경제 시스템 전반에 중대한 영향 (예: 시장 질서 교란, 금융 불안 확산)
B5: 실현 가능성 (Likelihood / Feasibility) “일어날 수 있나?” | C5: 이론적으로만 가능, 현실 사례 없음 (예: 연구 단계 공격 시나리오) | D5: 드물게 발생 가능, 특수 조건 필요 (예: 고난도 프롬프트 인젝션) | E5: 일반적 환경에서 발생 가능 (예: RAG 최신성 오류) | F5: 현재 기술·환경에서 충분히 발생 가능 (예: 음성 딥페이크 사기) | G5: 이미 빈번히 발생 중이거나 즉시 재현 가능 (예: 피싱·허위정보 자동 생성)
B6: 빈도 (Frequency) “얼마나 자주 일어나나?” | C6: 사실상 발생 이력 없음 (예: 연 1회 미만) | D6: 수년 1회 수준 (예: 특정 프로젝트에서만 발생) | E6: 연 1회 이상 발생 (예: 분기별 오탐·오류) | F6: 반복적 발생 (예: 월 단위로 유사 사고 발생) | G6: 상시 또는 거의 매번 발생 (예: 매주 이상 징후 탐지)
B7: 관리 가능성 (Controllability) “이 위험, 터지면 잡을 수 있습니까?” | C7: 통제 수단 부재, 대응 불가 (예: 외부 확산 후 회수 불가 허위정보) | D7: 통제 수단 제한적, 사후 대응 위주 (예: 수동 모니터링) | E7: 부분적 통제 가능 (예: 사후 검증·정정 가능) | F7: 대부분 통제 가능 (예: 사전 필터·승인·차단 가능) | G7: 즉각적·완전 통제 가능 (예: 실시간 차단, 킬스위치, 인간 승인 필수)

Sheet (Ref.)관련 법·가이드·프레임워크(S#)
B2: 근거키 | C2: 문서 구분 | D2: 공식 문서명 | E2: 발표/발행 기관 | F2: 발표/개정 시점 | G2: 원문 근거 조항(정확) | H2: 해당 조항의 핵심 내용 | I2: 본 위험관리 체계에서의 활용 목적 | J2: 준용 방식 | K2: 비고
B3: S1 | C3: 국제 보고서 | D3: International AI Safety Report 2025 | E3: International AI Safety Report Committee | F3: 2025 | G3: Section 2.1.1, 2.1.2, 2.2.1, 2.2.3, 2.3.1, 2.3.2 | H3: 허위 콘텐츠, 여론 조작, 신뢰성 문제, 통제 상실, 노동·시스템 리스크 정의 | I3: 안정성 위험 분류체계(L1–L2) 기준 | J3: 직접 준용 | K3: 위험 분류의 최상위 기준
B4: S2 | C4: 국내 참고 | D4: International AI Safety Report 서지/목차 정보 | E4: 국회도서관 NSP | F4: 2025 | G4: 목차·페이지 정보 | H4: 보고서 구조·정합성 확인 보조 | I4: 참고용 | J4: 비공식 근거
B5: S3 | C5: 국내 가이드 | D5: 금융분야 AI 가이드라인 | E5: 금융위원회 | F5: 2021.07 | G5: 위험관리·통제가능성·모니터링·소비자 보호 항목 | H5: 금융권 AI 운영 기본 원칙 | I5: 직접 준용 | J5: 금융권 공통 준거
B6: S4 | C6: 국내 안내서 | D6: 금융분야 AI 개발·활용 안내서 | E6: 금융위원회 | F6: 2021~ | G6: 개발·검증·운영 단계별 체크리스트 | H6: AI 생애주기별 통제 설계 | I6: 직접 준용 | J6: 실무 체크리스트
B7: S5 | C7: 국내 보도 | D7: 금융분야 AI 보안 가이드라인(보도자료) | E7: 금융위원회 | F7: 2023.04 | G7: AI 보안 관리 필요성 명시 | H7: 보안 가이드 발표 사실 근거 | I7: 참고 | J7: 보도자료 성격
B8: S6 | C8: 국내 가이드 | D8: 금융분야 AI 보안 가이드라인(PDF) | E8: 금융보안원(FSI) | F8: 2023.04 | G8: 체크리스트 31~33(API·키관리·모니터링) | H8: AI 보안 통제 상세 기준 | I8: 직접 준용 | J8: 보안 통제 핵심
B9: S7 | C9: 국제 표준 | D9: NIST AI 600-1 GenAI Profile | E9: NIST | F9: 2024 | G9: Prompt injection, data poisoning 섹션 | H9: GenAI 특화 보안 위협 정의 | I9: 부분 준용 | J9: 기술 보안 기준
B10: S8 | C10: 국제 가이드 | D10: Model AI Governance Framework for Agentic AI | E10: 싱가포르 IMDA | F10: 2024 | G10: Human oversight, unexpected actions | H10: 에이전트 통제·HITL 기준 | I10: 부분 준용 | J10: Agent 운영 기준
B11: S9 | C11: 국내 법령 | D11: 전자금융거래법 제21조 | E11: 대한민국 | F11: 현행 | G11: 전자금융업자의 안전성 확보 의무 | H11: IT·AI 운영 안정성의 법적 근거 | I11: 직접 준용 | J11: 강행 규정
B12: S10 | C12: 국내 법령 | D12: 신용정보법 제19조 | E12: 대한민국 | F12: 현행 | G12: 신용정보 전산시스템 보호 의무 | H12: 신용정보 처리 AI의 보안 근거 | I12: 직접 준용 | J12: 강행 규정
B13: S11 | C13: 행정규칙 | D13: 개인정보의 안전성 확보조치 기준 | E13: 대한민국 | F13: 현행 | G13: 접근통제, 권한관리, 로그, 암호화 | H13: 개인정보 처리 AI 통제 기준 | I13: 직접 준용 | J13: 세부 기술 기준
B14: S12 | C14: 국내 법령 | D14: 자본시장과 금융투자업에 관한 법률 | E14: 대한민국 | F14: 현행 | G14: 시세조종·부정거래·허위정보 유포 금지 | H14: 시장질서 훼손 위험의 법적 근거 | I14: 직접 준용 | J14: 증권사 핵심 법령

Sheet (Ref.)위험관리실천방법
B2: 위험 관리 실천/방법 | C2: 설명 | D2: 활용 분야
B3: 영향 평가 (Impact Assessment) | C3: • 기술이나 프로젝트의 잠재적 영향을 평가하는 도구 | D3: • EU AI법은 고위험 인공지능시스템 개발자에게 기본권 영향 평가를 수행하도록 요구함
B4: 감사(Audits) | C4: • 조직이 기준, 정책, 절차를 준수하고 있는지를 공식적으로 검토하는 절차로, 일반적으로 외부 기관이 수행 | D4: • 인공지능 감사는 빠르게 성장하는 분야이며, 금융, 환경, 보건 규제 등 타 분야의 감사 역사를 기반으로 발전하고 있음
B5: 레드티밍 (Red-Teaming) | C5: • 사람이나 자동화 시스템이 모의 적대자로서 조직의 시스템을 공격해 취약점을 식별하는 연습 | D5: • 주로 사이버보안 분야에서 수행되었으나 인공지능 분야에서도 일반화되고 있음
B6: 벤치마크 (Benchmarks) | C6: • 실제 사용 사례를 대표하도록 설계된 고정된 과제 집합에 대해 인공지능 모델의 성능을 평가하고 비교하는 표준화된 정량적 시험 또는 지표 | D6: • 2023년 기준으로 인공지능은 주요 벤치마크에서 인간 수준의 성능에 도달함
B7: 모델 평가 (Model Evaluation) | C7: • 인공지능 모델의 특정 과제에 대한 성능을 평가하고 측정하는 절차 | D7: • 보안 등을 포함한 다양한 역량과 위험을 평가하기 위해 무수한 인공지능 평가가 존재함
B8: 안전 분석 (Safety Analysis) | C8: • 구성 요소와 그것이 속한 시스템 간의 상호 의존성을 이해하는 데 도움을 주며, 이를 통해 특정 구성 요소의 실패가 어떻게 시스템 전체 수준의 위험으로 이어질 수 있는지를 예측 | D8: • 이 접근법은 항공기 추락이나 원자로 노심 붕괴와 같은 안전 필수 분야에서 잠재적 사고를 사전에 예측하고 예방하기 위해 널리 활용됨
B9: 위험 감수 한도 (Risk Tolerance) | C9: • 조직이 감수할 의지가 있는 위험 수준 AI 분야에서는 주로 기업이 자체적으로 정하나, 규제 체계는 법적으로 금지되는 '수용 불가 위험'을 식별하는 역할을 수행 | D9: • 인공지능 분야에서는 기업이 위험 한도를 스스로 정하는 경우가 많지만, 규제 기관은 법적 기준을 통해 수용 불가한 위험을 명확히 제시함
B10: 위험 임계값 (Risk Thresholds) | C10: • 정량적 및 정성적 기준을 통해 수용 가능한 위험과 불가한 위험을 구분 임계값 초과 시 특정 위험 관리 조치가 발동 | D10: • 범용 인공지능의 위험 임계값은 역량, 영향, 연산 자원, 파급력 등 다양한 요소의 평가를 종합하여 결정됨
B11: 위험 행렬 (Risk Matrices) | C11: • 발생 가능성과 잠재적 영향을 기준으로 위험을 우선순위화하는 시각적 도구 위험의 심각도를 한눈에 파악 가능 | D11: • 위험 행렬은 금융기관이 신용위험을 평가하거나 기업이 공급망 차질 가능성을 평가할 때 활용됨
B12: 보타이 기법 (Bowtie Method) | C12: • 위험을 정량 및 정성적으로 시각화하는 기법 사전적 관리와 사후적 관리의 차이를 명확히 구분 대형 사고 위험 예방 및 완화에 도움 | D12: • 보타이 기법은 석유회사는 물론 여러 국가 정부에서도 주요 사고 위험을 관리하기 위해 활용됨
B13: 출처: 최첨단 인공지능 안전성 확보 가이드라인 > 국제 AI 안전 보고서 2025(International AI Safety Report 2025) > 3.1 위험 관리 개요(3.1 Risk management overview)
