Workbook
Name 문서명: #REF!
Name 프로젝트명: #REF!

Sheet 위험-평가방안-완화방안 맵핑
B2: ■ 위험-평가방안-완화방안 맵핑
B4: 대분류 (Level 1) | C4: 중분류 (Level 2) | D4: 소분류 (Level 3) | E4: 주요 위험 요소 | F4: 위험 평가 방안 | G4: 위험 완화 방안
B5: 합법성 원칙 | C5: 금융소비자보호법 위반 가능성 | D5: 고지 의무 위반 | E5: 고지 절차 누락: AI 서비스 이용 사실, 주요 의사결정 방식, 개인정보 처리 방침 등 필수 고지 항목을 사용자 화면에 노출하지 않는 위험 | F5: sLLM 기반 문구 적정성 검사 (Content Validity): 법령에서 요구하는 필수 핵심 내용이 고지 문구에 포함되었는지 검사 | G5: 고지 절차 자동화 및 표준화: ITSM의 기획 단계에서 고지 의무 대상을 자동으로 식별하고, 표준화된 고지 템플릿을 서비스 설계에 반영하도록 강제화
B6: 합법성 원칙 | C6: 금융소비자보호법 위반 가능성 | D6: 고지 의무 위반 | E6: 고지 절차 누락: AI 서비스 이용 사실, 주요 의사결정 방식, 개인정보 처리 방침 등 필수 고지 항목을 사용자 화면에 노출하지 않는 위험 | F6: 자동화 로직: sLLM를 활용하여 고지 문구 내에 [AI 활용, 결과 도출 근거, 이의제기 권리, 담당부서 연락처] 등의 필수 키워드가 포함되어 있는지 확인, 하나라도 누락 시 '주의' 등급을 부여 | G6: 관리시스템: 서비스 기획 및 AI 서비스 개발계획 수립 시 고지 항목을 정의하고 서비스 승인 절차에서 이행 여부를 최종 확정
B7: 합법성 원칙 | C7: 금융소비자보호법 위반 가능성 | D7: 고지 의무 위반 | E7: 부적절한 고지 내용: 복잡한 전문 용어를 사용하거나 중요 사항을 작은 글씨로 처리하여 소비자가 고지 내용을 충분히 이해하지 못하게 함으로써 적합성/적정성 원칙을 위반할 위험 | F7: 체크리스트를 통한 사용자 판단 | G7: 관리시스템: 서비스 기획 및 AI 서비스 개발계획 수립 시 고지 항목을 정의하고 서비스 승인 절차에서 이행 여부를 최종 확정
B8: 합법성 원칙 | C8: 금융소비자보호법 위반 가능성 | D8: 설명 의무/부당권유행위 위반 | E8: 블랙박스(Black-box) 현상: AI 모델의 복잡성으로 인해 결과 도출 근거를 담당자조차 파악하지 못해 소비자에게 설명을 제공하지 못하는 위험 | F8: 법규 준수 진단 (Compliance Score): 로직: AI 기본법의 요구사항 기반 체크리스트 (예: 투명성 확보 의무에 따른 고지 의무 등)를 시스템화하여 이행 여부를 점수화, 지표: 100점 만점 기준 100점 필수 (법적 의무 사항은 예외 없이 준수해야 함) | G8: Legal-Tech 기반 가드레일: sLLM 기반 법령 스캐너를 활용하여 서비스 기획서 및 약관이 최신 AI 기본법 및 시행령에 부합하는지 실시간 검토
B9: 합법성 원칙 | C9: 금융소비자보호법 위반 가능성 | D9: 설명 의무/부당권유행위 위반 | E9: 블랙박스(Black-box) 현상: AI 모델의 복잡성으로 인해 결과 도출 근거를 담당자조차 파악하지 못해 소비자에게 설명을 제공하지 못하는 위험 | F9: 설명 정합성 지수 (EA-Score): 로직: AI가 제시한 설명(Explanation)이 실제 모델의 피처 기여도(FeatureImportance)와 얼마나 일치하는지 측정 기준: 정합성 98% 이상 '우수', 90% 미만 ‘주의'. | G9: 관리시스템: AI 위험/영향 식별 단계에서 설명 의무 대상 여부를 판정하고, 위반 시 위험성 재평가 프로세스를 수행
B10: 합법성 원칙 | C10: 금융소비자보호법 위반 가능성 | D10: 설명 의무/부당권유행위 위반 | E10: 잘못된 근거 제시(Misinformation): 환각(Hallucination) 현상 등으로 인해 AI가 실제 로직과 다른 허구의 이유를 생성하여 소비자를 오도할 위험 | F10: XAI 신뢰도 검증 (XF-Score): SHAP, LIME 등의 기술을 사용하여 모델의 판단 근거를 시각화하고, 이를 비즈니스 규칙과 대조하여 논리적 타당성을 검토 | G10: 평가시스템: RAG 기반 데이터 Faithful 점수평가를 통해 생성된 설명이 실제 규정집이나 데이터에 기반하고 있는지 실시간 검증
B11: 합법성 원칙 | C11: 금융소비자보호법 위반 가능성 | D11: 설명 의무/부당권유행위 위반 | E11: 알고리즘적 부당권유: 특정 금융상품이나 서비스를 우선적으로 추천하도록 알고리즘을 조작하거나, 소비자에게 불리한 선택을 유도하는 '다크 넛지(Dark Nudge)'를 수행할 위험 | F11: 부당권유 탐지 모니터링: 특정 상품의 추천 빈도가 통계적으로 비정상적으로 높거나, 수익성 위주의 편향이 발견되는지 집단 간 격차 지수(DI)를 변형하여 측정 | G11: 설명 가능한 AI(XAI) 워크플로우 의무화: 결정 결과와 함께 핵심 변수 3~5개를 소비자 화면에 자동으로 노출하는 기능을 설계 단계(ITSM)에서 필수화
B12: 합법성 원칙 | C12: AI기본법 위반 가능성 | D12: AI 기본법 위반 | E12: 투명성 확보 의무(제31조) 위반: 고영향·생성형 AI를 활용한 제품·서비스 제공 시 기본법에서 요구하는 사전 고지 및 표시 요건을 준수하지 않을 위 | F12: 법규 준수 진단 (Compliance Score): 로직: AI 기본법의 요구사항 기반 체크리스트 (예: 투명성 확보 의무에 따른 고지 의무 등)를 시스템화하여 이행 여부를 점수화 지표: 100점 만점 기준 100점 필수 (법적 의무 사항은 예외 없이 준수해야 함) | G12: 설명 가능한 AI(XAI) 워크플로우 의무화: 결정 결과와 함께 핵심 변수 3~5개를 소비자 화면에 자동으로 노출하는 기능을 설계 단계(ITSM)에서 필수화
B13: 합법성 원칙 | C13: AI기본법 위반 가능성 | D13: AI 기본법 위반 | E13: 안전성 확보 의무(제32조) 위반: 기본법 상 고성능 AI 대상 안전성 확보 조치(위험 식별·평가·완화, 위험관리체계 구축 등)를 체계적으로 수행하지 않을 위험 | F13: 법규 준수 진단 (Compliance Score): 로직: AI 기본법의 요구사항 기반 체크리스트 (예: 투명성 확보 의무에 따른 고지 의무 등)를 시스템화하여 이행 여부를 점수화, 지표: 100점 만점 기준 100점 필수 (법적 의무 사항은 예외 없이 준수해야 함) | G13: 단계별 게이트키핑 (Gate-keeping): ITSM 워크플로우 상에서 법무/컴플라이언스 부서의 승인 없이는 모델 배포(Deployment)가 불가능하도록 시스템 통제장치를 설정
B14: 합법성 원칙 | C14: AI기본법 위반 가능성 | D14: AI 기본법 위반 | E14: 고영향 AI 확인 및 책무 이행 실패(제33-34조): 인공지능 제품·서비스가 기본법상 ‘고영향 AI’(예: 채용, 대출심사, 범죄수사 등) 여부인지 사전 검토를 수행하지 않거나 법령 상 책무 사항(위험관리 방안, 설명방안 및 이용자 보호방안 수립·시행 등)을 조치·이행하지 않을 위험 | F14: AI 영향 평가 (AIA, AI Impact Assessment): 관리시스템 내 'AI 위험/영향도/안전성 식별/평가' 단계를 통해 해당 서비스가 인권, 안전, 사회적 가치에 미치는 영향을 사전에 분석 | G14: 신뢰성 검인증 연계: 제3자 인증 기관이나 국가 공인 신뢰성 검인증 지표를 평가시스템에 등록하고, 이를 통과한 모델만 운영할 수 있도록 관리
B15: 합법성 원칙 | C15: AI기본법 위반 가능성 | D15: AI 기본법 위반 | E15: 책임자 지정 및 거버넌스 부재: 법적 요구사항인 AI 관리 책임자 지정이나 내부 위험 관리 체계를 구축하지 않을 위험 | F15: 증적 완결성 검증: 법적 분쟁 시 제출할 수 있는 학습 데이터 출처, 알고리즘 설명서, 안전성 테스트 결과가 평가 이력 관리에 누락 없이 저장되어 있는지 자동 스캔 | G15: 책임 소재의 명확화: 관리시스템 내에 각 AI 서비스별 'AI 관리책임자'를 명시하고, 생애주기별 R&R을 디지털 증적으로 남겨 책임성을 강화
... B120: 보안성 원칙 | C120: 프라이버시 | D120: 필요 이상 데이터 수집 | E120: 데이터 오남용 리스크: 수집된 방대한 데이터가 안전하게 관리되지 않을 경우, 유출 시 피해 규모가 걷잡을 수 없이 커지며 제3자에게 무단으로 제공될 가능성이 존재 | F120: 데이터 생명주기 모니터링: 수집된 데이터의 보관 기간, 파기 절차, 접근 권한 관리 현황을 정기적으로 감사하여 평가 이력 관리 모듈에 기록 | G120: 관리시스템: 서비스 기획 및 AI 서비스 개발계획 단계에서 데이터 수집 범위를 확정하고 승인 절차 수행

Sheet 1. AI위험 식별
B2: 1. AI 위험 식별 | F2: AI 서비스기획 담당자 작성 | J2: 관련 업무 담당자 작성 | O2: 위험 여부 최종 판단
B3: AI 서비스에 해당하는 AI 위험 식별(Lv.3 기준 해당 여부 Yes/No 선택) 및 사유 작성 | F3: [작성 가이드] - 엑셀의 노란색 영역(F, G 열)이 작성 영역입니다 - 위험 정의 시트를 참고하여 해당 위험의 정의를 확인해 주세요 - AI 서비스가 해당 위험에 해당하는지 F열에 Yes 혹은 No로 답변을 선택해 주시고, G열에 상세한 내용을 작성해 주세요 - H열의 Warning Msg.의 안내에 따라 답변을 재선택/재작성 해주세요. | J3: [작성 가이드] - 엑설의 초록색 영역(K, L, M 열)이 작성 영역입니다 - 위험 인식 결과에 대해 보완이 필요하거나, 기타 의견이 있는 경우 N열에 상세 검토 의견을 작성해 주세요. (예. L열이 "No"인 경우, 어떤 사항에 대해 보완이 필요한지 사유 작성) - AI 서비스 기획사를 바탕으로 평가검증, 위험관리를 각각 전담하는 '위험 해당 여부'를 응답 (H열 참고) | O3: [작성 가이드] - 엑셀의 초록색 영역(O열)이 작성 영역입니다. - AI 서비스기획 담당자 및 관련 업무 담당자가 판단한 위험 해당 여부에 대해, 최종적으로 위험 해당 여부를 합의 및 판단하여 그 결과를 기재하십시오.
B4: AI RMF 기반 세부 위험 정의
B5: 번호 | C5: 위험(Lv1) | D5: 위험(Lv2) | E5: 위험(Lv3) | F5: 위험 해당 여부 (Yes / No) | G5: 위험 미해당 사유, 상세 위험 내용 | H5: Warning Msg. | J5: 업무 담당 | K5: 위험 해당 여부 (Yes / No) | L5: 위험 평가 적정 여부 (Yes / No) | M5: 상세 검토 의견 | O5: 위험 해당 여부 (Yes / No) | P5: Warning Msg.
B6: 1 | C6: 합법성 원칙 | D6: 금융소비자보호법 위반 가능성 | E6: 고지 의무 위반 | H6: {=_xludf.IFS(NOT(OR(F6="Yes",F6="No")),"※ 위험 해당 여부를 선택하세요",AND(F6="yes",G6=""),"※ 상세 위험 내용을 기입하세요",AND(F6="no",G6=""),"※ 위험 미해당 사유를 기입하세요",TRUE,"")} -> #NAME? | J6: AI 서비스기획 | P6: {=_xludf.IFS(O6="","※ 담당자별로 위험 해당 여부를 선택하여 주세요.",O6="합의 필요","※ 담당자 간 위험 해당 여부를 합의하여, O열에 그 결과를 선택하세요.",TRUE,"")} -> #NAME?
B7: 2 | C7: 합법성 원칙 | D7: 금융소비자보호법 위반 가능성 | E7: 설명 의무/부당권유행위 위반 | H7: {=_xludf.IFS(NOT(OR(F7="Yes",F7="No")),"※ 위험 해당 여부를 선택하세요",AND(F7="yes",G7=""),"※ 상세 위험 내용을 기입하세요",AND(F7="no",G7=""),"※ 위험 미해당 사유를 기입하세요",TRUE,"")} -> #NAME? | J7: AI 서비스기획 | P7: {=_xludf.IFS(O7="","※ 담당자별로 위험 해당 여부를 선택하여 주세요.",O7="합의 필요","※ 담당자 간 위험 해당 여부를 합의하여, O열에 그 결과를 선택하세요.",TRUE,"")} -> #NAME?
B8: 3 | C8: 합법성 원칙 | D8: AI기본법 위반 가능성 | E8: AI 기본법 위반 | H8: {=_xludf.IFS(NOT(OR(F8="Yes",F8="No")),"※ 위험 해당 여부를 선택하세요",AND(F8="yes",G8=""),"※ 상세 위험 내용을 기입하세요",AND(F8="no",G8=""),"※ 위험 미해당 사유를 기입하세요",TRUE,"")} -> #NAME? | J8: AI 서비스기획 | P8: {=_xludf.IFS(O8="","※ 담당자별로 위험 해당 여부를 선택하여 주세요.",O8="합의 필요","※ 담당자 간 위험 해당 여부를 합의하여, O열에 그 결과를 선택하세요.",TRUE,"")} -> #NAME?
B9: 4 | C9: 합법성 원칙 | D9: 데이터 관련법 위반 가능성 | E9: 민감 정보 추출/재식별 | H9: {=_xludf.IFS(NOT(OR(F9="Yes",F9="No")),"※ 위험 해당 여부를 선택하세요",AND(F9="yes",G9=""),"※ 상세 위험 내용을 기입하세요",AND(F9="no",G9=""),"※ 위험 미해당 사유를 기입하세요",TRUE,"")} -> #NAME? | J9: AI 서비스기획 | P9: {=_xludf.IFS(O9="","※ 담당자별로 위험 해당 여부를 선택하여 주세요.",O9="합의 필요","※ 담당자 간 위험 해당 여부를 합의하여, O열에 그 결과를 선택하세요.",TRUE,"")} -> #NAME?
B10: 5 | C10: 합법성 원칙 | D10: 데이터 관련법 위반 가능성 | E10: 개인정보의 부적절한 처리 | H10: {=_xludf.IFS(NOT(OR(F10="Yes",F10="No")),"※ 위험 해당 여부를 선택하세요",AND(F10="yes",G10=""),"※ 상세 위험 내용을 기입하세요",AND(F10="no",G10=""),"※ 위험 미해당 사유를 기입하세요",TRUE,"")} -> #NAME? | J10: AI 서비스기획 | P10: {=_xludf.IFS(O10="","※ 담당자별로 위험 해당 여부를 선택하여 주세요.",O10="합의 필요","※ 담당자 간 위험 해당 여부를 합의하여, O열에 그 결과를 선택하세요.",TRUE,"")} -> #NAME?
B11: 6 | C11: 합법성 원칙 | D11: 개별 업권법 위반 가능성 | E11: 금융관련 법 위반 | H11: {=_xludf.IFS(NOT(OR(F11="Yes",F11="No")),"※ 위험 해당 여부를 선택하세요",AND(F11="yes",G11=""),"※ 상세 위험 내용을 기입하세요",AND(F11="no",G11=""),"※ 위험 미해당 사유를 기입하세요",TRUE,"")} -> #NAME? | J11: AI 서비스기획 | P11: {=_xludf.IFS(O11="","※ 담당자별로 위험 해당 여부를 선택하여 주세요.",O11="합의 필요","※ 담당자 간 위험 해당 여부를 합의하여, O열에 그 결과를 선택하세요.",TRUE,"")} -> #NAME?
B12: 7 | C12: 신뢰성 원칙 | D12: 품질 | E12: 데이터 불충분성 | H12: {=_xludf.IFS(NOT(OR(F12="Yes",F12="No")),"※ 위험 해당 여부를 선택하세요",AND(F12="yes",G12=""),"※ 상세 위험 내용을 기입하세요",AND(F12="no",G12=""),"※ 위험 미해당 사유를 기입하세요",TRUE,"")} -> #NAME? | J12: AI 개발 | P12: {=_xludf.IFS(O12="","※ 담당자별로 위험 해당 여부를 선택하여 주세요.",O12="합의 필요","※ 담당자 간 위험 해당 여부를 합의하여, O열에 그 결과를 선택하세요.",TRUE,"")} -> #NAME?
B13: 8 | C13: 신뢰성 원칙 | D13: 품질 | E13: 데이터 정확성 부족 | H13: {=_xludf.IFS(NOT(OR(F13="Yes",F13="No")),"※ 위험 해당 여부를 선택하세요",AND(F13="yes",G13=""),"※ 상세 위험 내용을 기입하세요",AND(F13="no",G13=""),"※ 위험 미해당 사유를 기입하세요",TRUE,"")} -> #NAME? | J13: AI 개발 | P13: {=_xludf.IFS(O13="","※ 담당자별로 위험 해당 여부를 선택하여 주세요.",O13="합의 필요","※ 담당자 간 위험 해당 여부를 합의하여, O열에 그 결과를 선택하세요.",TRUE,"")} -> #NAME?
B14: 9 | C14: 신뢰성 원칙 | D14: 품질 | E14: 학습 데이터 오염/손실 | H14: {=_xludf.IFS(NOT(OR(F14="Yes",F14="No")),"※ 위험 해당 여부를 선택하세요",AND(F14="yes",G14=""),"※ 상세 위험 내용을 기입하세요",AND(F14="no",G14=""),"※ 위험 미해당 사유를 기입하세요",TRUE,"")} -> #NAME? | J14: AI 개발 | P14: {=_xludf.IFS(O14="","※ 담당자별로 위험 해당 여부를 선택하여 주세요.",O14="합의 필요","※ 담당자 간 위험 해당 여부를 합의하여, O열에 그 결과를 선택하세요.",TRUE,"")} -> #NAME?
B15: 10 | C15: 신뢰성 원칙 | D15: 편향성 | E15: 데이터 편향성 | H15: {=_xludf.IFS(NOT(OR(F15="Yes",F15="No")),"※ 위험 해당 여부를 선택하세요",AND(F15="yes",G15=""),"※ 상세 위험 내용을 기입하세요",AND(F15="no",G15=""),"※ 위험 미해당 사유를 기입하세요",TRUE,"")} -> #NAME? | J15: AI 개발 | P15: {=_xludf.IFS(O15="","※ 담당자별로 위험 해당 여부를 선택하여 주세요.",O15="합의 필요","※ 담당자 간 위험 해당 여부를 합의하여, O열에 그 결과를 선택하세요.",TRUE,"")} -> #NAME?
B16: 11 | C16: 신뢰성 원칙 | D16: 공정성 | E16: 공정성 위반 | H16: {=_xludf.IFS(NOT(OR(F16="Yes",F16="No")),"※ 위험 해당 여부를 선택하세요",AND(F16="yes",G16=""),"※ 상세 위험 내용을 기입하세요",AND(F16="no",G16=""),"※ 위험 미해당 사유를 기입하세요",TRUE,"")} -> #NAME? | J16: AI 개발 | P16: {=_xludf.IFS(O16="","※ 담당자별로 위험 해당 여부를 선택하여 주세요.",O16="합의 필요","※ 담당자 간 위험 해당 여부를 합의하여, O열에 그 결과를 선택하세요.",TRUE,"")} -> #NAME?
B17: 12 | C17: 신뢰성 원칙 | D17: 설명가능성 | E17: 설명 가능성/투명성 부족 | H17: {=_xludf.IFS(NOT(OR(F17="Yes",F17="No")),"※ 위험 해당 여부를 선택하세요",AND(F17="yes",G17=""),"※ 상세 위험 내용을 기입하세요",AND(F17="no",G17=""),"※ 위험 미해당 사유를 기입하세요",TRUE,"")} -> #NAME? | J17: AI 서비스기획 | P17: {=_xludf.IFS(O17="","※ 담당자별로 위험 해당 여부를 선택하여 주세요.",O17="합의 필요","※ 담당자 간 위험 해당 여부를 합의하여, O열에 그 결과를 선택하세요.",TRUE,"")} -> #NAME?
... B37: 32 | C37: 보안성 원칙 | D37: 프라이버시 | E37: 필요 이상 데이터 수집 | H37: {=_xludf.IFS(NOT(OR(F37="Yes",F37="No")),"※ 위험 해당 여부를 선택하세요",AND(F37="yes",G37=""),"※ 상세 위험 내용을 기입하세요",AND(F37="no",G37=""),"※ 위험 미해당 사유를 기입하세요",TRUE,"")} -> #NAME? | J37: AI 서비스기획 | P37: {=_xludf.IFS(O37="","※ 담당자별로 위험 해당 여부를 선택하여 주세요.",O37="합의 필요","※ 담당자 간 위험 해당 여부를 합의하여, O열에 그 결과를 선택하세요.",TRUE,"")} -> #NAME?
F40: =COUNTA(E6:E37)-COUNTA(F6:F37) -> 32 | O40: =COUNTA(E6:E37)-COUNTA(O6:O37) -> 32

Sheet 2. AI위험 완화 방안 수립
B2: 2. AI 위험 완화 방안 수립 | H2: AI 서비스기획 담당자 작성 | M2: AI 개발 담당자 작성 | Q2: AI 거버넌스 담당자 작성
B3: 1번에서 식별한 AI 위험을 완화하기 위한 방안 수립 | H3: [작성 가이드] - 엑셀의 노란색 영역(F, G, H 열)이 작성 영역입니다 - '위험 정의' 시트에 각 위험별 "완화방안(예시)"을 참고하여 AI 서비스의 완화 방안 적용 여부 및 상세 완화 방안 내용을 작성해 주세요 - 완화방안을 적용할 경우 F열에 Yes, 완화방안을 적용하지 않을 경우 F열에 No를 선택해 주세요. - 완화 방안을 적용할 경우 (F열이 Yes인 경우) G열에 상세 완화 방안을 작성하고, 해당 완화 방안을 수행할 담당부서/수행주체를 H열에서 선택해 주세요. - 위험 정의 시트에 각 위험별 "완화방안(예시"는 참고사항일 뿐이며, G열 상세 완화 방안은 완화 방안의 적용시점, 활용 도구/환경/기술, 위험 완화 효과 등을 포함하여 작성해 주세요 - I열의 Warning Msg.의 안내에 따라 필요시 답변을 재선택/재작성해주세요 | M3: [작성 가이드] - 엑설의 파란색 영역(K, L, M 열)이 작성 영역입니다 - AI개발담당자는 완화 방안(I열 참고)에 대해 완화 방안 적정 여부 평가 및 상세 검토 의견을 제시하고 K열에 소속명을 작성해 주세요. 필요 시 IT개발담당자 등 유관부서 담당자에게 요청하여 작성해주세요. - AI서비스기획담당자가 정의한 위험 인식 및 완화 방안 적용이 적정하다고 판단되는 경우 L열에 Yes, 보완이 필요하다고 판단되는 경우 L열에 No로 답변을 선택해 주세요 - 위험 인식 결과에 대해 보완이 필요하거나, 기타 의견이 있는 경우 M열에 상세 검토 의견을 작성해 주세요. (예. "No"라고 답한 경우, 어떤 사항에 대해 보완이 필요한지 사유 작성) | Q3: [작성 가이드] - 엑설의 초록색 영역(P, Q 열)이 작성 영역입니다 - AI서비스기획담당자의 위험 인식 결과가 적정하다고 판단되는 경우 Yes, 보완이 필요하다고 판단되는 경우 No로 답변을 선택해 주시면 됩니다 - 위험 인식 결과에 대해 보완이 필요하거나, 기타 의견이 있는 경우 Q열에 상세 검토 의견을 작성해 주세요. (예. "No"라고 답한 경우, 어떤 사항에 대해 보완이 필요한지 사유 작성)
B4: AI RMF 기반 세부 위험 정의
B5: 번호 | C5: 위험(Lv1) | D5: 위험(Lv2) | E5: 위험(Lv3) | F5: 위험 식별 여부 | H5: 완화 방안 적용 여부 (Yes / No) | I5: 상세 완화 방안 | J5: 담당부서/수행주체 | K5: Warning Msg. | M5: 담당 소속명 | N5: 완화 방안 적정 여부 (Yes / No) | O5: 상세 검토 의견 | Q5: 업무 담당 | R5: 완화 방안 적정 여부 (Yes / No) | S5: 상세 검토 의견
B6: 1 | C6: 합법성 원칙 | D6: 금융소비자보호법 위반 가능성 | E6: 고지 의무 위반 | F6: {=_xludf.XLOOKUP('2. AI위험 완화 방안 수립'!E6,'1. AI위험 식별'!$E$6:$E$37,'1. AI위험 식별'!$O$6:$O$37,"")} -> #NAME? | H6: {=IF(_xludf.XLOOKUP(E6,'1. AI위험 식별'!$E$6:$E$37,'1. AI위험 식별'!$O$6:$O$37,"")="No","N/A","")} -> #NAME? | K6: {=_xludf.IFS(OR(H6="No",H6="N/A"),"",H6<>"Yes","※ 완화 방안 여부를 선택하세요",I6="","※ 상세 완화 방안을 기입하세요",J6="","※ 담당부서 및 수행주체를 입력하세요",TRUE,"")} -> #NAME? | N6: =IF($H6="N/A","N/A","") -> #NAME? | Q6: AI 서비스기획 | R6: =IF($H6="N/A","N/A","") -> #NAME?
B7: 2 | C7: 합법성 원칙 | D7: 금융소비자보호법 위반 가능성 | E7: 설명 의무/부당권유행위 위반 | F7: {=_xludf.XLOOKUP('2. AI위험 완화 방안 수립'!E7,'1. AI위험 식별'!$E$6:$E$37,'1. AI위험 식별'!$O$6:$O$37,"")} -> #NAME? | H7: {=IF(_xludf.XLOOKUP(E7,'1. AI위험 식별'!$E$6:$E$37,'1. AI위험 식별'!$O$6:$O$37,"")="No","N/A","")} -> #NAME? | K7: {=_xludf.IFS(OR(H7="No",H7="N/A"),"",H7<>"Yes","※ 완화 방안 여부를 선택하세요",I7="","※ 상세 완화 방안을 기입하세요",J7="","※ 담당부서 및 수행주체를 입력하세요",TRUE,"")} -> #NAME? | N7: =IF(H7="N/A","N/A","") -> #NAME? | Q7: AI 서비스기획 | R7: =IF($H7="N/A","N/A","") -> #NAME?
B8: 3 | C8: 합법성 원칙 | D8: AI기본법 위반 가능성 | E8: AI 기본법 위반 | F8: {=_xludf.XLOOKUP('2. AI위험 완화 방안 수립'!E8,'1. AI위험 식별'!$E$6:$E$37,'1. AI위험 식별'!$O$6:$O$37,"")} -> #NAME? | H8: {=IF(_xludf.XLOOKUP(E8,'1. AI위험 식별'!$E$6:$E$37,'1. AI위험 식별'!$O$6:$O$37,"")="No","N/A","")} -> #NAME? | K8: {=_xludf.IFS(OR(H8="No",H8="N/A"),"",H8<>"Yes","※ 완화 방안 여부를 선택하세요",I8="","※ 상세 완화 방안을 기입하세요",J8="","※ 담당부서 및 수행주체를 입력하세요",TRUE,"")} -> #NAME? | N8: =IF(H8="N/A","N/A","") -> #NAME? | Q8: AI 서비스기획 | R8: =IF($H8="N/A","N/A","") -> #NAME?
B9: 4 | C9: 합법성 원칙 | D9: 데이터 관련법 위반 가능성 | E9: 민감 정보 추출/재식별 | F9: {=_xludf.XLOOKUP('2. AI위험 완화 방안 수립'!E9,'1. AI위험 식별'!$E$6:$E$37,'1. AI위험 식별'!$O$6:$O$37,"")} -> #NAME? | H9: {=IF(_xludf.XLOOKUP(E9,'1. AI위험 식별'!$E$6:$E$37,'1. AI위험 식별'!$O$6:$O$37,"")="No","N/A","")} -> #NAME? | K9: {=_xludf.IFS(OR(H9="No",H9="N/A"),"",H9<>"Yes","※ 완화 방안 여부를 선택하세요",I9="","※ 상세 완화 방안을 기입하세요",J9="","※ 담당부서 및 수행주체를 입력하세요",TRUE,"")} -> #NAME? | N9: =IF(H9="N/A","N/A","") -> #NAME? | Q9: AI 서비스기획 | R9: =IF($H9="N/A","N/A","") -> #NAME?
B10: 5 | C10: 합법성 원칙 | D10: 데이터 관련법 위반 가능성 | E10: 개인정보의 부적절한 처리 | F10: {=_xludf.XLOOKUP('2. AI위험 완화 방안 수립'!E10,'1. AI위험 식별'!$E$6:$E$37,'1. AI위험 식별'!$O$6:$O$37,"")} -> #NAME? | H10: {=IF(_xludf.XLOOKUP(E10,'1. AI위험 식별'!$E$6:$E$37,'1. AI위험 식별'!$O$6:$O$37,"")="No","N/A","")} -> #NAME? | K10: {=_xludf.IFS(OR(H10="No",H10="N/A"),"",H10<>"Yes","※ 완화 방안 여부를 선택하세요",I10="","※ 상세 완화 방안을 기입하세요",J10="","※ 담당부서 및 수행주체를 입력하세요",TRUE,"")} -> #NAME? | N10: =IF(H10="N/A","N/A","") -> #NAME? | Q10: AI 서비스기획 | R10: =IF($H10="N/A","N/A","") -> #NAME?
B11: 6 | C11: 합법성 원칙 | D11: 개별 업권법 위반 가능성 | E11: 금융관련 법 위반 | F11: {=_xludf.XLOOKUP('2. AI위험 완화 방안 수립'!E11,'1. AI위험 식별'!$E$6:$E$37,'1. AI위험 식별'!$O$6:$O$37,"")} -> #NAME? | H11: {=IF(_xludf.XLOOKUP(E11,'1. AI위험 식별'!$E$6:$E$37,'1. AI위험 식별'!$O$6:$O$37,"")="No","N/A","")} -> #NAME? | K11: {=_xludf.IFS(OR(H11="No",H11="N/A"),"",H11<>"Yes","※ 완화 방안 여부를 선택하세요",I11="","※ 상세 완화 방안을 기입하세요",J11="","※ 담당부서 및 수행주체를 입력하세요",TRUE,"")} -> #NAME? | N11: =IF(H11="N/A","N/A","") -> #NAME? | Q11: AI 서비스기획 | R11: =IF($H11="N/A","N/A","") -> #NAME?
B12: 7 | C12: 신뢰성 원칙 | D12: 품질 | E12: 데이터 불충분성 | F12: {=_xludf.XLOOKUP('2. AI위험 완화 방안 수립'!E12,'1. AI위험 식별'!$E$6:$E$37,'1. AI위험 식별'!$O$6:$O$37,"")} -> #NAME? | H12: {=IF(_xludf.XLOOKUP(E12,'1. AI위험 식별'!$E$6:$E$37,'1. AI위험 식별'!$O$6:$O$37,"")="No","N/A","")} -> #NAME? | K12: {=_xludf.IFS(OR(H12="No",H12="N/A"),"",H12<>"Yes","※ 완화 방안 여부를 선택하세요",I12="","※ 상세 완화 방안을 기입하세요",J12="","※ 담당부서 및 수행주체를 입력하세요",TRUE,"")} -> #NAME? | N12: =IF(H12="N/A","N/A","") -> #NAME? | Q12: AI 개발 | R12: =IF($H12="N/A","N/A","") -> #NAME?
B13: 8 | C13: 신뢰성 원칙 | D13: 품질 | E13: 데이터 정확성 부족 | F13: {=_xludf.XLOOKUP('2. AI위험 완화 방안 수립'!E13,'1. AI위험 식별'!$E$6:$E$37,'1. AI위험 식별'!$O$6:$O$37,"")} -> #NAME? | H13: {=IF(_xludf.XLOOKUP(E13,'1. AI위험 식별'!$E$6:$E$37,'1. AI위험 식별'!$O$6:$O$37,"")="No","N/A","")} -> #NAME? | K13: {=_xludf.IFS(OR(H13="No",H13="N/A"),"",H13<>"Yes","※ 완화 방안 여부를 선택하세요",I13="","※ 상세 완화 방안을 기입하세요",J13="","※ 담당부서 및 수행주체를 입력하세요",TRUE,"")} -> #NAME? | N13: =IF(H13="N/A","N/A","") -> #NAME? | Q13: AI 개발 | R13: =IF($H13="N/A","N/A","") -> #NAME?
B14: 9 | C14: 신뢰성 원칙 | D14: 품질 | E14: 학습 데이터 오염/손실 | F14: {=_xludf.XLOOKUP('2. AI위험 완화 방안 수립'!E14,'1. AI위험 식별'!$E$6:$E$37,'1. AI위험 식별'!$O$6:$O$37,"")} -> #NAME? | H14: {=IF(_xludf.XLOOKUP(E14,'1. AI위험 식별'!$E$6:$E$37,'1. AI위험 식별'!$O$6:$O$37,"")="No","N/A","")} -> #NAME? | K14: {=_xludf.IFS(OR(H14="No",H14="N/A"),"",H14<>"Yes","※ 완화 방안 여부를 선택하세요",I14="","※ 상세 완화 방안을 기입하세요",J14="","※ 담당부서 및 수행주체를 입력하세요",TRUE,"")} -> #NAME? | N14: =IF(H14="N/A","N/A","") -> #NAME? | Q14: AI 개발 | R14: =IF($H14="N/A","N/A","") -> #NAME?
B15: 10 | C15: 신뢰성 원칙 | D15: 편향성 | E15: 데이터 편향성 | F15: {=_xludf.XLOOKUP('2. AI위험 완화 방안 수립'!E15,'1. AI위험 식별'!$E$6:$E$37,'1. AI위험 식별'!$O$6:$O$37,"")} -> #NAME? | H15: {=IF(_xludf.XLOOKUP(E15,'1. AI위험 식별'!$E$6:$E$37,'1. AI위험 식별'!$O$6:$O$37,"")="No","N/A","")} -> #NAME? | K15: {=_xludf.IFS(OR(H15="No",H15="N/A"),"",H15<>"Yes","※ 완화 방안 여부를 선택하세요",I15="","※ 상세 완화 방안을 기입하세요",J15="","※ 담당부서 및 수행주체를 입력하세요",TRUE,"")} -> #NAME? | N15: =IF(H15="N/A","N/A","") -> #NAME? | Q15: AI 개발 | R15: =IF($H15="N/A","N/A","") -> #NAME?
B16: 11 | C16: 신뢰성 원칙 | D16: 공정성 | E16: 공정성 위반 | F16: {=_xludf.XLOOKUP('2. AI위험 완화 방안 수립'!E16,'1. AI위험 식별'!$E$6:$E$37,'1. AI위험 식별'!$O$6:$O$37,"")} -> #NAME? | H16: {=IF(_xludf.XLOOKUP(E16,'1. AI위험 식별'!$E$6:$E$37,'1. AI위험 식별'!$O$6:$O$37,"")="No","N/A","")} -> #NAME? | K16: {=_xludf.IFS(OR(H16="No",H16="N/A"),"",H16<>"Yes","※ 완화 방안 여부를 선택하세요",I16="","※ 상세 완화 방안을 기입하세요",J16="","※ 담당부서 및 수행주체를 입력하세요",TRUE,"")} -> #NAME? | N16: =IF(H16="N/A","N/A","") -> #NAME? | Q16: AI 개발 | R16: =IF($H16="N/A","N/A","") -> #NAME?
B17: 12 | C17: 신뢰성 원칙 | D17: 설명가능성 | E17: 설명 가능성/투명성 부족 | F17: {=_xludf.XLOOKUP('2. AI위험 완화 방안 수립'!E17,'1. AI위험 식별'!$E$6:$E$37,'1. AI위험 식별'!$O$6:$O$37,"")} -> #NAME? | H17: {=IF(_xludf.XLOOKUP(E17,'1. AI위험 식별'!$E$6:$E$37,'1. AI위험 식별'!$O$6:$O$37,"")="No","N/A","")} -> #NAME? | K17: {=_xludf.IFS(OR(H17="No",H17="N/A"),"",H17<>"Yes","※ 완화 방안 여부를 선택하세요",I17="","※ 상세 완화 방안을 기입하세요",J17="","※ 담당부서 및 수행주체를 입력하세요",TRUE,"")} -> #NAME? | N17: =IF(H17="N/A","N/A","") -> #NAME? | Q17: AI 서비스기획 | R17: =IF($H17="N/A","N/A","") -> #NAME?
B18: 13 | C18: 신뢰성 원칙 | D18: 성능 | E18: 모델 과대/과소 적합 위험 | F18: {=_xludf.XLOOKUP('2. AI위험 완화 방안 수립'!E18,'1. AI위험 식별'!$E$6:$E$37,'1. AI위험 식별'!$O$6:$O$37,"")} -> #NAME? | H18: {=IF(_xludf.XLOOKUP(E18,'1. AI위험 식별'!$E$6:$E$37,'1. AI위험 식별'!$O$6:$O$37,"")="No","N/A","")} -> #NAME? | K18: {=_xludf.IFS(OR(H18="No",H18="N/A"),"",H18<>"Yes","※ 완화 방안 여부를 선택하세요",I18="","※ 상세 완화 방안을 기입하세요",J18="","※ 담당부서 및 수행주체를 입력하세요",TRUE,"")} -> #NAME? | N18: =IF(H18="N/A","N/A","") -> #NAME? | Q18: AI 개발 | R18: =IF($H18="N/A","N/A","") -> #NAME?
... B37: 32 | C37: 보안성 원칙 | D37: 프라이버시 | E37: 필요 이상 데이터 수집 | F37: {=_xludf.XLOOKUP('2. AI위험 완화 방안 수립'!E37,'1. AI위험 식별'!$E$6:$E$37,'1. AI위험 식별'!$O$6:$O$37,"")} -> #NAME? | H37: {=IF(_xludf.XLOOKUP(E37,'1. AI위험 식별'!$E$6:$E$37,'1. AI위험 식별'!$O$6:$O$37,"")="No","N/A","")} -> #NAME? | K37: {=_xludf.IFS(OR(H37="No",H37="N/A"),"",H37<>"Yes","※ 완화 방안 여부를 선택하세요",I37="","※ 상세 완화 방안을 기입하세요",J37="","※ 담당부서 및 수행주체를 입력하세요",TRUE,"")} -> #NAME? | N37: =IF(H37="N/A","N/A","") -> #NAME? | Q37: AI 서비스기획 | R37: =IF($H37="N/A","N/A","") -> #NAME?

Sheet 3. 잔여 AI 위험 평가
B2: 3. 잔여 AI위험 평가 | J2: AI서비스기획담당자 작성 | N2: AI거버넌스담당자 작성
B3: 2번에서 마련한 완화 방안의 적용에 따라 예상되는 잔여 위험 평가 수행 | J3: [작성 가이드] - 엑셀의 노란색 영역(K 열)이 작성 영역입니다 - '2. AI위험 완화 방안 수립' 시트에서 선택한 각 상세 완화 방안이 해당 위협을 어느정도 해소(완화)할 수 있는지 판단 후, 각 수준에 따라 잔여 위험을 평가하고 K열에 답변을 선택해 주세요 (보기) 완전히 완화(○), 완화방안 적용 후에도 잔여 위험 존재(△), 완화방안 적용 후에도 위험 수준 동일(X) - L열의 Warning Msg. 안내에 따라 필요 시 답변을 재선택/재작성해 주세요 | N3: [작성 가이드] - 엑설의 초록색 영역(O, P 열)이 작성 영역입니다 - AI서비스기획부서의 위험 인식 결과가 적정하다고 판단되는 경우 Yes, 보완이 필요하다고 판단되는 경우 No로 답변을 선택해 주시면 됩니다 - 위험 인식 결과에 대해 보완이 필요하거나, 기타 의견이 있는 경우 P열에 상세 검토 의견을 작성해 주세요 (예. "No"라고 답한 경우, 어떤 사항에 대해 보완이 필요한지 사유 작성)
B4: AI RMF 기반 세부 위험 정의
B5: (1) 위험 인식 및 완화 방안 수립 (1. 위험 인식, 2. 완화 방안의 적용판단 Sheet와 결과 연동) | J5: (2) 잔여 위험 평가 | N5: (2) 잔여 위험 평가 | R5: 완화 방안 후 점수 계산
B6: 번호 | C6: 위험(Lv1) | D6: 위험(Lv2) | E6: 위험(Lv3) | F6: 상세 완화 방안 | G6: 위험 해당 여부 | H6: 완화 방안 적용 여부 | J6: 잔여 위험 평가 질의 | K6: 잔여 위험 수행 여부 (3개 보기 중 선택) | L6: Warning Msg. | N6: 업무 담당 | O6: 잔여위험 평가 적정 여부 (Yes / No) | P6: 상세 검토 의견 | R6: 인식 위험 점수 | S6: 위험 완화 가중치 (잔여 위험 평가결과) | T6: 완화 방안 후 점수
B7: 1 | C7: 합법성 원칙 | D7: 금융소비자보호법 위반 가능성 | E7: 고지 의무 위반 | F7: {=_xludf.XLOOKUP(E7,'2. AI위험 완화 방안 수립'!$E$6:$E$37,'2. AI위험 완화 방안 수립'!$I$6:$I$37,"")} -> #NAME? | G7: {=_xludf.XLOOKUP($E7,'1. AI위험 식별'!$E$6:$E$37,'1. AI위험 식별'!$O$6:$O$37,)} -> #NAME? | H7: {=IF(_xludf.XLOOKUP(E7,'2. AI위험 완화 방안 수립'!$E$6:$E$37,'2. AI위험 완화 방안 수립'!$N$6:$N$37,"")="yes",_xludf.XLOOKUP($E7,'2. AI위험 완화 방안 수립'!$E$6:$E$37,'2. AI위험 완화 방안 수립'!$H$6:$H$37,""),"")} -> #NAME? | L7: {=_xludf.IFS(J7="","※ 2. 완화 방안시트를 다시 확인하세요.",K7="","※ 잔여 위험 수준을 평가해주세요.",TRUE,"")} -> #NAME? | N7: AI 서비스기획 | R7: =IF(G7="Yes",_xludf.XLOOKUP(E7,#REF!,#REF!,""),) -> #NAME? | S7: {=IF(O7="Yes",_xludf.IFS(K7="○",100%,K7="△",50%,K7="X",0%,TRUE,0),0)} -> 0 | T7: =R7*(1-S7) -> #NAME?
B8: 2 | C8: 합법성 원칙 | D8: 금융소비자보호법 위반 가능성 | E8: 설명 의무/부당권유행위 위반 | F8: {=_xludf.XLOOKUP(E8,'2. AI위험 완화 방안 수립'!$E$6:$E$37,'2. AI위험 완화 방안 수립'!$I$6:$I$37,"")} -> #NAME? | G8: {=_xludf.XLOOKUP($E8,'1. AI위험 식별'!$E$6:$E$37,'1. AI위험 식별'!$O$6:$O$37,)} -> #NAME? | H8: {=IF(_xludf.XLOOKUP(E8,'2. AI위험 완화 방안 수립'!$E$6:$E$37,'2. AI위험 완화 방안 수립'!$N$6:$N$37,"")="yes",_xludf.XLOOKUP($E8,'2. AI위험 완화 방안 수립'!$E$6:$E$37,'2. AI위험 완화 방안 수립'!$H$6:$H$37,""),"")} -> #NAME? | L8: {=_xludf.IFS(J8="","※ 2. 완화 방안시트를 다시 확인하세요.",K8="","※ 잔여 위험 수준을 평가해주세요.",TRUE,"")} -> #NAME? | N8: AI 서비스기획 | R8: =IF(G8="Yes",_xludf.XLOOKUP(E8,#REF!,#REF!,""),) -> #NAME? | S8: {=IF(O8="Yes",_xludf.IFS(K8="○",100%,K8="△",50%,K8="X",0%,TRUE,0),0)} -> 0 | T8: =R8*(1-S8) -> #NAME?
B9: 3 | C9: 합법성 원칙 | D9: AI기본법 위반 가능성 | E9: AI 기본법 위반 | F9: {=_xludf.XLOOKUP(E9,'2. AI위험 완화 방안 수립'!$E$6:$E$37,'2. AI위험 완화 방안 수립'!$I$6:$I$37,"")} -> #NAME? | G9: {=_xludf.XLOOKUP($E9,'1. AI위험 식별'!$E$6:$E$37,'1. AI위험 식별'!$O$6:$O$37,)} -> #NAME? | H9: {=IF(_xludf.XLOOKUP(E9,'2. AI위험 완화 방안 수립'!$E$6:$E$37,'2. AI위험 완화 방안 수립'!$N$6:$N$37,"")="yes",_xludf.XLOOKUP($E9,'2. AI위험 완화 방안 수립'!$E$6:$E$37,'2. AI위험 완화 방안 수립'!$H$6:$H$37,""),"")} -> #NAME? | L9: {=_xludf.IFS(J9="","※ 2. 완화 방안시트를 다시 확인하세요.",K9="","※ 잔여 위험 수준을 평가해주세요.",TRUE,"")} -> #NAME? | N9: AI 서비스기획 | R9: =IF(G9="Yes",_xludf.XLOOKUP(E9,#REF!,#REF!,""),) -> #NAME? | S9: {=IF(O9="Yes",_xludf.IFS(K9="○",100%,K9="△",50%,K9="X",0%,TRUE,0),0)} -> 0 | T9: =R9*(1-S9) -> #NAME?
B10: 4 | C10: 합법성 원칙 | D10: 데이터 관련법 위반 가능성 | E10: 민감 정보 추출/재식별 | F10: {=_xludf.XLOOKUP(E10,'2. AI위험 완화 방안 수립'!$E$6:$E$37,'2. AI위험 완화 방안 수립'!$I$6:$I$37,"")} -> #NAME? | G10: {=_xludf.XLOOKUP($E10,'1. AI위험 식별'!$E$6:$E$37,'1. AI위험 식별'!$O$6:$O$37,)} -> #NAME? | H10: {=IF(_xludf.XLOOKUP(E10,'2. AI위험 완화 방안 수립'!$E$6:$E$37,'2. AI위험 완화 방안 수립'!$N$6:$N$37,"")="yes",_xludf.XLOOKUP($E10,'2. AI위험 완화 방안 수립'!$E$6:$E$37,'2. AI위험 완화 방안 수립'!$H$6:$H$37,""),"")} -> #NAME? | L10: {=_xludf.IFS(J10="","※ 2. 완화 방안시트를 다시 확인하세요.",K10="","※ 잔여 위험 수준을 평가해주세요.",TRUE,"")} -> #NAME? | N10: AI 서비스기획 | R10: =IF(G10="Yes",_xludf.XLOOKUP(E10,#REF!,#REF!,""),) -> #NAME? | S10: {=IF(O10="Yes",_xludf.IFS(K10="○",100%,K10="△",50%,K10="X",0%,TRUE,0),0)} -> 0 | T10: =R10*(1-S10) -> #NAME?
B11: 5 | C11: 합법성 원칙 | D11: 데이터 관련법 위반 가능성 | E11: 개인정보의 부적절한 처리 | F11: {=_xludf.XLOOKUP(E11,'2. AI위험 완화 방안 수립'!$E$6:$E$37,'2. AI위험 완화 방안 수립'!$I$6:$I$37,"")} -> #NAME? | G11: {=_xludf.XLOOKUP($E11,'1. AI위험 식별'!$E$6:$E$37,'1. AI위험 식별'!$O$6:$O$37,)} -> #NAME? | H11: {=IF(_xludf.XLOOKUP(E11,'2. AI위험 완화 방안 수립'!$E$6:$E$37,'2. AI위험 완화 방안 수립'!$N$6:$N$37,"")="yes",_xludf.XLOOKUP($E11,'2. AI위험 완화 방안 수립'!$E$6:$E$37,'2. AI위험 완화 방안 수립'!$H$6:$H$37,""),"")} -> #NAME? | L11: {=_xludf.IFS(J11="","※ 2. 완화 방안시트를 다시 확인하세요.",K11="","※ 잔여 위험 수준을 평가해주세요.",TRUE,"")} -> #NAME? | N11: AI 서비스기획 | R11: =IF(G11="Yes",_xludf.XLOOKUP(E11,#REF!,#REF!,""),) -> #NAME? | S11: {=IF(O11="Yes",_xludf.IFS(K11="○",100%,K11="△",50%,K11="X",0%,TRUE,0),0)} -> 0 | T11: =R11*(1-S11) -> #NAME?
B12: 6 | C12: 합법성 원칙 | D12: 개별 업권법 위반 가능성 | E12: 금융관련 법 위반 | F12: {=_xludf.XLOOKUP(E12,'2. AI위험 완화 방안 수립'!$E$6:$E$37,'2. AI위험 완화 방안 수립'!$I$6:$I$37,"")} -> #NAME? | G12: {=_xludf.XLOOKUP($E12,'1. AI위험 식별'!$E$6:$E$37,'1. AI위험 식별'!$O$6:$O$37,)} -> #NAME? | H12: {=IF(_xludf.XLOOKUP(E12,'2. AI위험 완화 방안 수립'!$E$6:$E$37,'2. AI위험 완화 방안 수립'!$N$6:$N$37,"")="yes",_xludf.XLOOKUP($E12,'2. AI위험 완화 방안 수립'!$E$6:$E$37,'2. AI위험 완화 방안 수립'!$H$6:$H$37,""),"")} -> #NAME? | L12: {=_xludf.IFS(J12="","※ 2. 완화 방안시트를 다시 확인하세요.",K12="","※ 잔여 위험 수준을 평가해주세요.",TRUE,"")} -> #NAME? | N12: AI 서비스기획 | R12: =IF(G12="Yes",_xludf.XLOOKUP(E12,#REF!,#REF!,""),) -> #NAME? | S12: {=IF(O12="Yes",_xludf.IFS(K12="○",100%,K12="△",50%,K12="X",0%,TRUE,0),0)} -> 0 | T12: =R12*(1-S12) -> #NAME?
B13: 7 | C13: 신뢰성 원칙 | D13: 품질 | E13: 데이터 불충분성 | F13: {=_xludf.XLOOKUP(E13,'2. AI위험 완화 방안 수립'!$E$6:$E$37,'2. AI위험 완화 방안 수립'!$I$6:$I$37,"")} -> #NAME? | G13: {=_xludf.XLOOKUP($E13,'1. AI위험 식별'!$E$6:$E$37,'1. AI위험 식별'!$O$6:$O$37,)} -> #NAME? | H13: {=IF(_xludf.XLOOKUP(E13,'2. AI위험 완화 방안 수립'!$E$6:$E$37,'2. AI위험 완화 방안 수립'!$N$6:$N$37,"")="yes",_xludf.XLOOKUP($E13,'2. AI위험 완화 방안 수립'!$E$6:$E$37,'2. AI위험 완화 방안 수립'!$H$6:$H$37,""),"")} -> #NAME? | L13: {=_xludf.IFS(J13="","※ 2. 완화 방안시트를 다시 확인하세요.",K13="","※ 잔여 위험 수준을 평가해주세요.",TRUE,"")} -> #NAME? | N13: AI 개발 | R13: =IF(G13="Yes",_xludf.XLOOKUP(E13,#REF!,#REF!,""),) -> #NAME? | S13: {=IF(O13="Yes",_xludf.IFS(K13="○",100%,K13="△",50%,K13="X",0%,TRUE,0),0)} -> 0 | T13: =R13*(1-S13) -> #NAME?
B14: 8 | C14: 신뢰성 원칙 | D14: 품질 | E14: 데이터 정확성 부족 | F14: {=_xludf.XLOOKUP(E14,'2. AI위험 완화 방안 수립'!$E$6:$E$37,'2. AI위험 완화 방안 수립'!$I$6:$I$37,"")} -> #NAME? | G14: {=_xludf.XLOOKUP($E14,'1. AI위험 식별'!$E$6:$E$37,'1. AI위험 식별'!$O$6:$O$37,)} -> #NAME? | H14: {=IF(_xludf.XLOOKUP(E14,'2. AI위험 완화 방안 수립'!$E$6:$E$37,'2. AI위험 완화 방안 수립'!$N$6:$N$37,"")="yes",_xludf.XLOOKUP($E14,'2. AI위험 완화 방안 수립'!$E$6:$E$37,'2. AI위험 완화 방안 수립'!$H$6:$H$37,""),"")} -> #NAME? | L14: {=_xludf.IFS(J14="","※ 2. 완화 방안시트를 다시 확인하세요.",K14="","※ 잔여 위험 수준을 평가해주세요.",TRUE,"")} -> #NAME? | N14: AI 개발 | R14: =IF(G14="Yes",_xludf.XLOOKUP(E14,#REF!,#REF!,""),) -> #NAME? | S14: {=IF(O14="Yes",_xludf.IFS(K14="○",100%,K14="△",50%,K14="X",0%,TRUE,0),0)} -> 0 | T14: =R14*(1-S14) -> #NAME?
B15: 9 | C15: 신뢰성 원칙 | D15: 품질 | E15: 학습 데이터 오염/손실 | F15: {=_xludf.XLOOKUP(E15,'2. AI위험 완화 방안 수립'!$E$6:$E$37,'2. AI위험 완화 방안 수립'!$I$6:$I$37,"")} -> #NAME? | G15: {=_xludf.XLOOKUP($E15,'1. AI위험 식별'!$E$6:$E$37,'1. AI위험 식별'!$O$6:$O$37,)} -> #NAME? | H15: {=IF(_xludf.XLOOKUP(E15,'2. AI위험 완화 방안 수립'!$E$6:$E$37,'2. AI위험 완화 방안 수립'!$N$6:$N$37,"")="yes",_xludf.XLOOKUP($E15,'2. AI위험 완화 방안 수립'!$E$6:$E$37,'2. AI위험 완화 방안 수립'!$H$6:$H$37,""),"")} -> #NAME? | L15: {=_xludf.IFS(J15="","※ 2. 완화 방안시트를 다시 확인하세요.",K15="","※ 잔여 위험 수준을 평가해주세요.",TRUE,"")} -> #NAME? | N15: AI 개발 | R15: =IF(G15="Yes",_xludf.XLOOKUP(E15,#REF!,#REF!,""),) -> #NAME? | S15: {=IF(O15="Yes",_xludf.IFS(K15="○",100%,K15="△",50%,K15="X",0%,TRUE,0),0)} -> 0 | T15: =R15*(1-S15) -> #NAME?
B16: 10 | C16: 신뢰성 원칙 | D16: 편향성 | E16: 데이터 편향성 | F16: {=_xludf.XLOOKUP(E16,'2. AI위험 완화 방안 수립'!$E$6:$E$37,'2. AI위험 완화 방안 수립'!$I$6:$I$37,"")} -> #NAME? | G16: {=_xludf.XLOOKUP($E16,'1. AI위험 식별'!$E$6:$E$37,'1. AI위험 식별'!$O$6:$O$37,)} -> #NAME? | H16: {=IF(_xludf.XLOOKUP(E16,'2. AI위험 완화 방안 수립'!$E$6:$E$37,'2. AI위험 완화 방안 수립'!$N$6:$N$37,"")="yes",_xludf.XLOOKUP($E16,'2. AI위험 완화 방안 수립'!$E$6:$E$37,'2. AI위험 완화 방안 수립'!$H$6:$H$37,""),"")} -> #NAME? | L16: {=_xludf.IFS(J16="","※ 2. 완화 방안시트를 다시 확인하세요.",K16="","※ 잔여 위험 수준을 평가해주세요.",TRUE,"")} -> #NAME? | N16: AI 개발 | R16: =IF(G16="Yes",_xludf.XLOOKUP(E16,#REF!,#REF!,""),) -> #NAME? | S16: {=IF(O16="Yes",_xludf.IFS(K16="○",100%,K16="△",50%,K16="X",0%,TRUE,0),0)} -> 0 | T16: =R16*(1-S16) -> #NAME?
B17: 11 | C17: 신뢰성 원칙 | D17: 공정성 | E17: 공정성 위반 | F17: {=_xludf.XLOOKUP(E17,'2. AI위험 완화 방안 수립'!$E$6:$E$37,'2. AI위험 완화 방안 수립'!$I$6:$I$37,"")} -> #NAME? | G17: {=_xludf.XLOOKUP($E17,'1. AI위험 식별'!$E$6:$E$37,'1. AI위험 식별'!$O$6:$O$37,)} -> #NAME? | H17: {=IF(_xludf.XLOOKUP(E17,'2. AI위험 완화 방안 수립'!$E$6:$E$37,'2. AI위험 완화 방안 수립'!$N$6:$N$37,"")="yes",_xludf.XLOOKUP($E17,'2. AI위험 완화 방안 수립'!$E$6:$E$37,'2. AI위험 완화 방안 수립'!$H$6:$H$37,""),"")} -> #NAME? | L17: {=_xludf.IFS(J17="","※ 2. 완화 방안시트를 다시 확인하세요.",K17="","※ 잔여 위험 수준을 평가해주세요.",TRUE,"")} -> #NAME? | N17: AI 개발 | R17: =IF(G17="Yes",_xludf.XLOOKUP(E17,#REF!,#REF!,""),) -> #NAME? | S17: {=IF(O17="Yes",_xludf.IFS(K17="○",100%,K17="△",50%,K17="X",0%,TRUE,0),0)} -> 0 | T17: =R17*(1-S17) -> #NAME?
B18: 12 | C18: 신뢰성 원칙 | D18: 설명가능성 | E18: 설명 가능성/투명성 부족 | F18: {=_xludf.XLOOKUP(E18,'2. AI위험 완화 방안 수립'!$E$6:$E$37,'2. AI위험 완화 방안 수립'!$I$6:$I$37,"")} -> #NAME? | G18: {=_xludf.XLOOKUP($E18,'1. AI위험 식별'!$E$6:$E$37,'1. AI위험 식별'!$O$6:$O$37,)} -> #NAME? | H18: {=IF(_xludf.XLOOKUP(E18,'2. AI위험 완화 방안 수립'!$E$6:$E$37,'2. AI위험 완화 방안 수립'!$N$6:$N$37,"")="yes",_xludf.XLOOKUP($E18,'2. AI위험 완화 방안 수립'!$E$6:$E$37,'2. AI위험 완화 방안 수립'!$H$6:$H$37,""),"")} -> #NAME? | L18: {=_xludf.IFS(J18="","※ 2. 완화 방안시트를 다시 확인하세요.",K18="","※ 잔여 위험 수준을 평가해주세요.",TRUE,"")} -> #NAME? | N18: AI 서비스기획 | R18: =IF(G18="Yes",_xludf.XLOOKUP(E18,#REF!,#REF!,""),) -> #NAME? | S18: {=IF(O18="Yes",_xludf.IFS(K18="○",100%,K18="△",50%,K18="X",0%,TRUE,0),0)} -> 0 | T18: =R18*(1-S18) -> #NAME?
... B38: 32 | C38: 보안성 원칙 | D38: 프라이버시 | E38: 필요 이상 데이터 수집 | F38: {=_xludf.XLOOKUP(E38,'2. AI위험 완화 방안 수립'!$E$6:$E$37,'2. AI위험 완화 방안 수립'!$I$6:$I$37,"")} -> #NAME? | G38: {=_xludf.XLOOKUP($E38,'1. AI위험 식별'!$E$6:$E$37,'1. AI위험 식별'!$O$6:$O$37,)} -> #NAME? | H38: {=IF(_xludf.XLOOKUP(E38,'2. AI위험 완화 방안 수립'!$E$6:$E$37,'2. AI위험 완화 방안 수립'!$N$6:$N$37,"")="yes",_xludf.XLOOKUP($E38,'2. AI위험 완화 방안 수립'!$E$6:$E$37,'2. AI위험 완화 방안 수립'!$H$6:$H$37,""),"")} -> #NAME? | L38: {=_xludf.IFS(J38="","※ 2. 완화 방안시트를 다시 확인하세요.",K38="","※ 잔여 위험 수준을 평가해주세요.",TRUE,"")} -> #NAME? | N38: AI 서비스기획 | R38: =IF(G38="Yes",_xludf.XLOOKUP(E38,#REF!,#REF!,""),) -> #NAME? | S38: {=IF(O38="Yes",_xludf.IFS(K38="○",100%,K38="△",50%,K38="X",0%,TRUE,0),0)} -> 0 | T38: =R38*(1-S38) -> #NAME?
R39: 합계 | T39: =SUM(T7:T38) -> #NAME?

Sheet 0. 위험평가 결과 요약
B2: ■ 위험 평가 결과 요약 (※ 자동 업데이트 됨, 작성 불필요) | G2: ■ 위험 평가 검토 결과 요약 (※ 자동 업데이트 됨, 작성 불필요. '부적정' 결과는 각 시트에서 상세 검토의견 확인)
B3: 위험 점수 | C3: ='3. 잔여 AI 위험 평가'!P39 -> 0
B4: AI RMF 기반 세부 위험 정의 | C4: {=_xludf.IFS(C3>=#REF!,#REF!,C3>#REF!,#REF!,C3>=#REF!,#REF!,TRUE,#REF!)} -> #NAME?
K5: 1. AI 위험 식별 | L5: 2. AI 위험 완화 방안 수립 | N5: 3. 잔여 AI 위험 평가
B6: 위험(Lv1) | C6: 위험(Lv2) | D6: Lv3 기준 위험 개수 | E6: Lv3 기준 위험 점수 (최종) | G6: No. | H6: 위험(Lv1) | I6: 위험(Lv2) | J6: 위험(Lv3) | K6: 위험 식별 여부 | L6: 위험 완화방안 검토결과 (개발담당자 의견) | M6: 위험 완화방안 검토결과 (AI거버넌스담당자 의견) | N6: 잔여위험 평가검토 결과 (AI거버넌스담당자 의견)
B7: 합법성 원칙 | C7: 금융소비자보호법 위반 가능성 | D7: =COUNTIFS('1. AI위험 식별'!$D$6:$D$37,C7,'1. AI위험 식별'!$O$6:$O$37,"yes") -> 0 | E7: =SUMIF('3. 잔여 AI 위험 평가'!$D$7:$D$38,'0. 위험평가 결과 요약'!C7,'3. 잔여 AI 위험 평가'!$T$7:$T$38) -> #NAME? | G7: 1 | H7: 합법성 원칙 | I7: 금융소비자보호법 위반 가능성 | J7: 고지 의무 위반 | K7: {=_xludf.XLOOKUP(J7,'1. AI위험 식별'!$E$6:$E$37,'1. AI위험 식별'!$O$6:$O$37,"")} -> #NAME? | L7: {=_xludf.XLOOKUP($K7,'2. AI위험 완화 방안 수립'!$E$6:$E$37,'2. AI위험 완화 방안 수립'!$N$6:$N$37,"")} -> #NAME? | M7: {=_xludf.XLOOKUP($K7,'2. AI위험 완화 방안 수립'!$E$6:$E$37,'2. AI위험 완화 방안 수립'!$R$6:$R$37,"")} -> #NAME? | N7: {=_xludf.XLOOKUP(I7,'3. 잔여 AI 위험 평가'!$E$7:$E$38,'3. 잔여 AI 위험 평가'!$O$7:$O$38,"")} -> #NAME?
B8: 합법성 원칙 | C8: AI기본법 위반 가능성 | D8: =COUNTIFS('1. AI위험 식별'!$D$6:$D$37,C8,'1. AI위험 식별'!$O$6:$O$37,"yes") -> 0 | E8: =SUMIF('3. 잔여 AI 위험 평가'!$D$7:$D$38,'0. 위험평가 결과 요약'!C8,'3. 잔여 AI 위험 평가'!$T$7:$T$38) -> #NAME? | G8: 2 | H8: 합법성 원칙 | I8: 금융소비자보호법 위반 가능성 | J8: 설명 의무/부당권유행위 위반 | K8: {=_xludf.XLOOKUP(J8,'1. AI위험 식별'!$E$6:$E$37,'1. AI위험 식별'!$O$6:$O$37,"")} -> #NAME? | L8: {=_xludf.XLOOKUP($K8,'2. AI위험 완화 방안 수립'!$E$6:$E$37,'2. AI위험 완화 방안 수립'!$N$6:$N$37,"")} -> #NAME? | M8: {=_xludf.XLOOKUP($K8,'2. AI위험 완화 방안 수립'!$E$6:$E$37,'2. AI위험 완화 방안 수립'!$R$6:$R$37,"")} -> #NAME? | N8: {=_xludf.XLOOKUP(I8,'3. 잔여 AI 위험 평가'!$E$7:$E$38,'3. 잔여 AI 위험 평가'!$O$7:$O$38,"")} -> #NAME?
B9: 합법성 원칙 | C9: 데이터 관련법 위반 가능성 | D9: =COUNTIFS('1. AI위험 식별'!$D$6:$D$37,C9,'1. AI위험 식별'!$O$6:$O$37,"yes") -> 0 | E9: =SUMIF('3. 잔여 AI 위험 평가'!$D$7:$D$38,'0. 위험평가 결과 요약'!C9,'3. 잔여 AI 위험 평가'!$T$7:$T$38) -> #NAME? | G9: 3 | H9: 합법성 원칙 | I9: AI기본법 위반 가능성 | J9: AI 기본법 위반 | K9: {=_xludf.XLOOKUP(J9,'1. AI위험 식별'!$E$6:$E$37,'1. AI위험 식별'!$O$6:$O$37,"")} -> #NAME? | L9: {=_xludf.XLOOKUP($K9,'2. AI위험 완화 방안 수립'!$E$6:$E$37,'2. AI위험 완화 방안 수립'!$N$6:$N$37,"")} -> #NAME? | M9: {=_xludf.XLOOKUP($K9,'2. AI위험 완화 방안 수립'!$E$6:$E$37,'2. AI위험 완화 방안 수립'!$R$6:$R$37,"")} -> #NAME? | N9: {=_xludf.XLOOKUP(I9,'3. 잔여 AI 위험 평가'!$E$7:$E$38,'3. 잔여 AI 위험 평가'!$O$7:$O$38,"")} -> #NAME?
B10: 합법성 원칙 | C10: 개별 업권법 위반 가능성 | D10: =COUNTIFS('1. AI위험 식별'!$D$6:$D$37,C10,'1. AI위험 식별'!$O$6:$O$37,"yes") -> 0 | E10: =SUMIF('3. 잔여 AI 위험 평가'!$D$7:$D$38,'0. 위험평가 결과 요약'!C10,'3. 잔여 AI 위험 평가'!$T$7:$T$38) -> #NAME? | G10: 4 | H10: 합법성 원칙 | I10: 데이터 관련법 위반 가능성 | J10: 민감 정보 추출/재식별 | K10: {=_xludf.XLOOKUP(J10,'1. AI위험 식별'!$E$6:$E$37,'1. AI위험 식별'!$O$6:$O$37,"")} -> #NAME? | L10: {=_xludf.XLOOKUP($K10,'2. AI위험 완화 방안 수립'!$E$6:$E$37,'2. AI위험 완화 방안 수립'!$N$6:$N$37,"")} -> #NAME? | M10: {=_xludf.XLOOKUP($K10,'2. AI위험 완화 방안 수립'!$E$6:$E$37,'2. AI위험 완화 방안 수립'!$R$6:$R$37,"")} -> #NAME? | N10: {=_xludf.XLOOKUP(I10,'3. 잔여 AI 위험 평가'!$E$7:$E$38,'3. 잔여 AI 위험 평가'!$O$7:$O$38,"")} -> #NAME?
B11: 합계 | D11: =SUM(D7:D10) -> 0 | E11: =SUM(E7:E10) -> #NAME? | G11: 5 | H11: 합법성 원칙 | I11: 데이터 관련법 위반 가능성 | J11: 개인정보의 부적절한 처리 | K11: {=_xludf.XLOOKUP(J11,'1. AI위험 식별'!$E$6:$E$37,'1. AI위험 식별'!$O$6:$O$37,"")} -> #NAME? | L11: {=_xludf.XLOOKUP($K11,'2. AI위험 완화 방안 수립'!$E$6:$E$37,'2. AI위험 완화 방안 수립'!$N$6:$N$37,"")} -> #NAME? | M11: {=_xludf.XLOOKUP($K11,'2. AI위험 완화 방안 수립'!$E$6:$E$37,'2. AI위험 완화 방안 수립'!$R$6:$R$37,"")} -> #NAME? | N11: {=_xludf.XLOOKUP(I11,'3. 잔여 AI 위험 평가'!$E$7:$E$38,'3. 잔여 AI 위험 평가'!$O$7:$O$38,"")} -> #NAME?
B12: 신뢰성 원칙 | C12: 품질 | D12: =COUNTIFS('1. AI위험 식별'!$D$6:$D$37,C12,'1. AI위험 식별'!$O$6:$O$37,"yes") -> 0 | E12: =SUMIF('3. 잔여 AI 위험 평가'!$D$7:$D$38,'0. 위험평가 결과 요약'!C12,'3. 잔여 AI 위험 평가'!$T$7:$T$38) -> #NAME? | G12: 6 | H12: 합법성 원칙 | I12: 개별 업권법 위반 가능성 | J12: 금융관련 법 위반 | K12: {=_xludf.XLOOKUP(J12,'1. AI위험 식별'!$E$6:$E$37,'1. AI위험 식별'!$O$6:$O$37,"")} -> #NAME? | L12: {=_xludf.XLOOKUP($K12,'2. AI위험 완화 방안 수립'!$E$6:$E$37,'2. AI위험 완화 방안 수립'!$N$6:$N$37,"")} -> #NAME? | M12: {=_xludf.XLOOKUP($K12,'2. AI위험 완화 방안 수립'!$E$6:$E$37,'2. AI위험 완화 방안 수립'!$R$6:$R$37,"")} -> #NAME? | N12: {=_xludf.XLOOKUP(I12,'3. 잔여 AI 위험 평가'!$E$7:$E$38,'3. 잔여 AI 위험 평가'!$O$7:$O$38,"")} -> #NAME?
B13: 신뢰성 원칙 | C13: 편향성 | D13: =COUNTIFS('1. AI위험 식별'!$D$6:$D$37,C13,'1. AI위험 식별'!$O$6:$O$37,"yes") -> 0 | E13: =SUMIF('3. 잔여 AI 위험 평가'!$D$7:$D$38,'0. 위험평가 결과 요약'!C13,'3. 잔여 AI 위험 평가'!$T$7:$T$38) -> #NAME? | G13: 7 | H13: 신뢰성 원칙 | I13: 품질 | J13: 데이터 불충분성 | K13: {=_xludf.XLOOKUP(J13,'1. AI위험 식별'!$E$6:$E$37,'1. AI위험 식별'!$O$6:$O$37,"")} -> #NAME? | L13: {=_xludf.XLOOKUP($K13,'2. AI위험 완화 방안 수립'!$E$6:$E$37,'2. AI위험 완화 방안 수립'!$N$6:$N$37,"")} -> #NAME? | M13: {=_xludf.XLOOKUP($K13,'2. AI위험 완화 방안 수립'!$E$6:$E$37,'2. AI위험 완화 방안 수립'!$R$6:$R$37,"")} -> #NAME? | N13: {=_xludf.XLOOKUP(I13,'3. 잔여 AI 위험 평가'!$E$7:$E$38,'3. 잔여 AI 위험 평가'!$O$7:$O$38,"")} -> #NAME?
B14: 신뢰성 원칙 | C14: 공정성 | D14: =COUNTIFS('1. AI위험 식별'!$D$6:$D$37,C14,'1. AI위험 식별'!$O$6:$O$37,"yes") -> 0 | E14: =SUMIF('3. 잔여 AI 위험 평가'!$D$7:$D$38,'0. 위험평가 결과 요약'!C14,'3. 잔여 AI 위험 평가'!$T$7:$T$38) -> #NAME? | G14: 8 | H14: 신뢰성 원칙 | I14: 품질 | J14: 데이터 정확성 부족 | K14: {=_xludf.XLOOKUP(J14,'1. AI위험 식별'!$E$6:$E$37,'1. AI위험 식별'!$O$6:$O$37,"")} -> #NAME? | L14: {=_xludf.XLOOKUP($K14,'2. AI위험 완화 방안 수립'!$E$6:$E$37,'2. AI위험 완화 방안 수립'!$N$6:$N$37,"")} -> #NAME? | M14: {=_xludf.XLOOKUP($K14,'2. AI위험 완화 방안 수립'!$E$6:$E$37,'2. AI위험 완화 방안 수립'!$R$6:$R$37,"")} -> #NAME? | N14: {=_xludf.XLOOKUP(I14,'3. 잔여 AI 위험 평가'!$E$7:$E$38,'3. 잔여 AI 위험 평가'!$O$7:$O$38,"")} -> #NAME?
B15: 신뢰성 원칙 | C15: 설명가능성 | D15: =COUNTIFS('1. AI위험 식별'!$D$6:$D$37,C15,'1. AI위험 식별'!$O$6:$O$37,"yes") -> 0 | E15: =SUMIF('3. 잔여 AI 위험 평가'!$D$7:$D$38,'0. 위험평가 결과 요약'!C15,'3. 잔여 AI 위험 평가'!$T$7:$T$38) -> #NAME? | G15: 9 | H15: 신뢰성 원칙 | I15: 품질 | J15: 학습 데이터 오염/손실 | K15: {=_xludf.XLOOKUP(J15,'1. AI위험 식별'!$E$6:$E$37,'1. AI위험 식별'!$O$6:$O$37,"")} -> #NAME? | L15: {=_xludf.XLOOKUP($K15,'2. AI위험 완화 방안 수립'!$E$6:$E$37,'2. AI위험 완화 방안 수립'!$N$6:$N$37,"")} -> #NAME? | M15: {=_xludf.XLOOKUP($K15,'2. AI위험 완화 방안 수립'!$E$6:$E$37,'2. AI위험 완화 방안 수립'!$R$6:$R$37,"")} -> #NAME? | N15: {=_xludf.XLOOKUP(I15,'3. 잔여 AI 위험 평가'!$E$7:$E$38,'3. 잔여 AI 위험 평가'!$O$7:$O$38,"")} -> #NAME?
B16: 신뢰성 원칙 | C16: 성능 | D16: =COUNTIFS('1. AI위험 식별'!$D$6:$D$37,C16,'1. AI위험 식별'!$O$6:$O$37,"yes") -> 0 | E16: =SUMIF('3. 잔여 AI 위험 평가'!$D$7:$D$38,'0. 위험평가 결과 요약'!C16,'3. 잔여 AI 위험 평가'!$T$7:$T$38) -> #NAME? | G16: 10 | H16: 신뢰성 원칙 | I16: 편향성 | J16: 데이터 편향성 | K16: {=_xludf.XLOOKUP(J16,'1. AI위험 식별'!$E$6:$E$37,'1. AI위험 식별'!$O$6:$O$37,"")} -> #NAME? | L16: {=_xludf.XLOOKUP($K16,'2. AI위험 완화 방안 수립'!$E$6:$E$37,'2. AI위험 완화 방안 수립'!$N$6:$N$37,"")} -> #NAME? | M16: {=_xludf.XLOOKUP($K16,'2. AI위험 완화 방안 수립'!$E$6:$E$37,'2. AI위험 완화 방안 수립'!$R$6:$R$37,"")} -> #NAME? | N16: {=_xludf.XLOOKUP(I16,'3. 잔여 AI 위험 평가'!$E$7:$E$38,'3. 잔여 AI 위험 평가'!$O$7:$O$38,"")} -> #NAME?
B17: 합계 | D17: =SUM(D12:D16) -> 0 | E17: =SUM(E12:E16) -> #NAME? | G17: 11 | H17: 신뢰성 원칙 | I17: 공정성 | J17: 공정성 위반 | K17: {=_xludf.XLOOKUP(J17,'1. AI위험 식별'!$E$6:$E$37,'1. AI위험 식별'!$O$6:$O$37,"")} -> #NAME? | L17: {=_xludf.XLOOKUP($K17,'2. AI위험 완화 방안 수립'!$E$6:$E$37,'2. AI위험 완화 방안 수립'!$N$6:$N$37,"")} -> #NAME? | M17: {=_xludf.XLOOKUP($K17,'2. AI위험 완화 방안 수립'!$E$6:$E$37,'2. AI위험 완화 방안 수립'!$R$6:$R$37,"")} -> #NAME? | N17: {=_xludf.XLOOKUP(I17,'3. 잔여 AI 위험 평가'!$E$7:$E$38,'3. 잔여 AI 위험 평가'!$O$7:$O$38,"")} -> #NAME?
B18: 신의성실의 원칙 | C18: 계약 권리 침해 | D18: =COUNTIFS('1. AI위험 식별'!$D$6:$D$37,C18,'1. AI위험 식별'!$O$6:$O$37,"yes") -> 0 | E18: =SUMIF('3. 잔여 AI 위험 평가'!$D$7:$D$38,'0. 위험평가 결과 요약'!C18,'3. 잔여 AI 위험 평가'!$T$7:$T$38) -> #NAME? | G18: 12 | H18: 신뢰성 원칙 | I18: 설명가능성 | J18: 설명 가능성/투명성 부족 | K18: {=_xludf.XLOOKUP(J18,'1. AI위험 식별'!$E$6:$E$37,'1. AI위험 식별'!$O$6:$O$37,"")} -> #NAME? | L18: {=_xludf.XLOOKUP($K18,'2. AI위험 완화 방안 수립'!$E$6:$E$37,'2. AI위험 완화 방안 수립'!$N$6:$N$37,"")} -> #NAME? | M18: {=_xludf.XLOOKUP($K18,'2. AI위험 완화 방안 수립'!$E$6:$E$37,'2. AI위험 완화 방안 수립'!$R$6:$R$37,"")} -> #NAME? | N18: {=_xludf.XLOOKUP(I18,'3. 잔여 AI 위험 평가'!$E$7:$E$38,'3. 잔여 AI 위험 평가'!$O$7:$O$38,"")} -> #NAME?
B19: 신의성실의 원칙 | C19: 책임 투명성 | D19: =COUNTIFS('1. AI위험 식별'!$D$6:$D$37,C19,'1. AI위험 식별'!$O$6:$O$37,"yes") -> 0 | E19: =SUMIF('3. 잔여 AI 위험 평가'!$D$7:$D$38,'0. 위험평가 결과 요약'!C19,'3. 잔여 AI 위험 평가'!$T$7:$T$38) -> 0 | G19: 13 | H19: 신뢰성 원칙 | I19: 성능 | J19: 모델 과대/과소 적합 위험 | K19: {=_xludf.XLOOKUP(J19,'1. AI위험 식별'!$E$6:$E$37,'1. AI위험 식별'!$O$6:$O$37,"")} -> #NAME? | L19: {=_xludf.XLOOKUP($K19,'2. AI위험 완화 방안 수립'!$E$6:$E$37,'2. AI위험 완화 방안 수립'!$N$6:$N$37,"")} -> #NAME? | M19: {=_xludf.XLOOKUP($K19,'2. AI위험 완화 방안 수립'!$E$6:$E$37,'2. AI위험 완화 방안 수립'!$R$6:$R$37,"")} -> #NAME? | N19: {=_xludf.XLOOKUP(I19,'3. 잔여 AI 위험 평가'!$E$7:$E$38,'3. 잔여 AI 위험 평가'!$O$7:$O$38,"")} -> #NAME?
B20: 신의성실의 원칙 | C20: 소비자 보호방안 | D20: =COUNTIFS('1. AI위험 식별'!$D$6:$D$37,C20,'1. AI위험 식별'!$O$6:$O$37,"yes") -> 0 | E20: =SUMIF('3. 잔여 AI 위험 평가'!$D$7:$D$38,'0. 위험평가 결과 요약'!C20,'3. 잔여 AI 위험 평가'!$T$7:$T$38) -> #NAME? | G20: 14 | H20: 신뢰성 원칙 | I20: 성능 | J20: 모델 드리프트 위험 | K20: {=_xludf.XLOOKUP(J20,'1. AI위험 식별'!$E$6:$E$37,'1. AI위험 식별'!$O$6:$O$37,"")} -> #NAME? | L20: {=_xludf.XLOOKUP($K20,'2. AI위험 완화 방안 수립'!$E$6:$E$37,'2. AI위험 완화 방안 수립'!$N$6:$N$37,"")} -> #NAME? | M20: {=_xludf.XLOOKUP($K20,'2. AI위험 완화 방안 수립'!$E$6:$E$37,'2. AI위험 완화 방안 수립'!$R$6:$R$37,"")} -> #NAME? | N20: {=_xludf.XLOOKUP(I20,'3. 잔여 AI 위험 평가'!$E$7:$E$38,'3. 잔여 AI 위험 평가'!$O$7:$O$38,"")} -> #NAME?
B21: 합계 | D21: =SUM(D18:D20) -> 0 | E21: =SUM(E18:E20) -> #NAME? | G21: 15 | H21: 신뢰성 원칙 | I21: 성능 | J21: 모델 붕괴 (Model Collapse) | K21: {=_xludf.XLOOKUP(J21,'1. AI위험 식별'!$E$6:$E$37,'1. AI위험 식별'!$O$6:$O$37,"")} -> #NAME? | L21: {=_xludf.XLOOKUP($K21,'2. AI위험 완화 방안 수립'!$E$6:$E$37,'2. AI위험 완화 방안 수립'!$N$6:$N$37,"")} -> #NAME? | M21: {=_xludf.XLOOKUP($K21,'2. AI위험 완화 방안 수립'!$E$6:$E$37,'2. AI위험 완화 방안 수립'!$R$6:$R$37,"")} -> #NAME? | N21: {=_xludf.XLOOKUP(I21,'3. 잔여 AI 위험 평가'!$E$7:$E$38,'3. 잔여 AI 위험 평가'!$O$7:$O$38,"")} -> #NAME?
B22: 보안성 원칙 | C22: 보안 | D22: =COUNTIFS('1. AI위험 식별'!$D$6:$D$37,C22,'1. AI위험 식별'!$O$6:$O$37,"yes") -> 0 | E22: =SUMIF('3. 잔여 AI 위험 평가'!$D$7:$D$38,'0. 위험평가 결과 요약'!C22,'3. 잔여 AI 위험 평가'!$T$7:$T$38) -> #NAME? | G22: 16 | H22: 신뢰성 원칙 | I22: 성능 | J22: 모델 성능 지표 부적합 | K22: {=_xludf.XLOOKUP(J22,'1. AI위험 식별'!$E$6:$E$37,'1. AI위험 식별'!$O$6:$O$37,"")} -> #NAME? | L22: {=_xludf.XLOOKUP($K22,'2. AI위험 완화 방안 수립'!$E$6:$E$37,'2. AI위험 완화 방안 수립'!$N$6:$N$37,"")} -> #NAME? | M22: {=_xludf.XLOOKUP($K22,'2. AI위험 완화 방안 수립'!$E$6:$E$37,'2. AI위험 완화 방안 수립'!$R$6:$R$37,"")} -> #NAME? | N22: {=_xludf.XLOOKUP(I22,'3. 잔여 AI 위험 평가'!$E$7:$E$38,'3. 잔여 AI 위험 평가'!$O$7:$O$38,"")} -> #NAME?
B23: 보안성 원칙 | C23: 안정성 | D23: =COUNTIFS('1. AI위험 식별'!$D$6:$D$37,C23,'1. AI위험 식별'!$O$6:$O$37,"yes") -> 0 | E23: =SUMIF('3. 잔여 AI 위험 평가'!$D$7:$D$38,'0. 위험평가 결과 요약'!C23,'3. 잔여 AI 위험 평가'!$T$7:$T$38) -> 0 | G23: 17 | H23: 신뢰성 원칙 | I23: 성능 | J23: 부정확한 정보 출력 (환각) | K23: {=_xludf.XLOOKUP(J23,'1. AI위험 식별'!$E$6:$E$37,'1. AI위험 식별'!$O$6:$O$37,"")} -> #NAME? | L23: {=_xludf.XLOOKUP($K23,'2. AI위험 완화 방안 수립'!$E$6:$E$37,'2. AI위험 완화 방안 수립'!$N$6:$N$37,"")} -> #NAME? | M23: {=_xludf.XLOOKUP($K23,'2. AI위험 완화 방안 수립'!$E$6:$E$37,'2. AI위험 완화 방안 수립'!$R$6:$R$37,"")} -> #NAME? | N23: {=_xludf.XLOOKUP(I23,'3. 잔여 AI 위험 평가'!$E$7:$E$38,'3. 잔여 AI 위험 평가'!$O$7:$O$38,"")} -> #NAME?
B24: 보안성 원칙 | C24: 위탁/관리 | D24: =COUNTIFS('1. AI위험 식별'!$D$6:$D$37,C24,'1. AI위험 식별'!$O$6:$O$37,"yes") -> 0 | E24: =SUMIF('3. 잔여 AI 위험 평가'!$D$7:$D$38,'0. 위험평가 결과 요약'!C24,'3. 잔여 AI 위험 평가'!$T$7:$T$38) -> #NAME? | G24: 18 | H24: 신의성실의 원칙 | I24: 계약 권리 침해 | J24: 의사결정 기능 오작동 | K24: {=_xludf.XLOOKUP(J24,'1. AI위험 식별'!$E$6:$E$37,'1. AI위험 식별'!$O$6:$O$37,"")} -> #NAME? | L24: {=_xludf.XLOOKUP($K24,'2. AI위험 완화 방안 수립'!$E$6:$E$37,'2. AI위험 완화 방안 수립'!$N$6:$N$37,"")} -> #NAME? | M24: {=_xludf.XLOOKUP($K24,'2. AI위험 완화 방안 수립'!$E$6:$E$37,'2. AI위험 완화 방안 수립'!$R$6:$R$37,"")} -> #NAME? | N24: {=_xludf.XLOOKUP(I24,'3. 잔여 AI 위험 평가'!$E$7:$E$38,'3. 잔여 AI 위험 평가'!$O$7:$O$38,"")} -> #NAME?
B25: 보안성 원칙 | C25: 프라이버시 | D25: =COUNTIFS('1. AI위험 식별'!$D$6:$D$37,C25,'1. AI위험 식별'!$O$6:$O$37,"yes") -> 0 | E25: =SUMIF('3. 잔여 AI 위험 평가'!$D$7:$D$38,'0. 위험평가 결과 요약'!C25,'3. 잔여 AI 위험 평가'!$T$7:$T$38) -> #NAME? | G25: 19 | H25: 신의성실의 원칙 | I25: 책임 투명성 | J25: 책임소재 불명확 | K25: {=_xludf.XLOOKUP(J25,'1. AI위험 식별'!$E$6:$E$37,'1. AI위험 식별'!$O$6:$O$37,"")} -> #NAME? | L25: {=_xludf.XLOOKUP($K25,'2. AI위험 완화 방안 수립'!$E$6:$E$37,'2. AI위험 완화 방안 수립'!$N$6:$N$37,"")} -> #NAME? | M25: {=_xludf.XLOOKUP($K25,'2. AI위험 완화 방안 수립'!$E$6:$E$37,'2. AI위험 완화 방안 수립'!$R$6:$R$37,"")} -> #NAME? | N25: {=_xludf.XLOOKUP(I25,'3. 잔여 AI 위험 평가'!$E$7:$E$38,'3. 잔여 AI 위험 평가'!$O$7:$O$38,"")} -> #NAME?
B26: 합계 | D26: =SUM(D22:D25) -> 0 | E26: =SUM(E22:E25) -> #NAME? | G26: 20 | H26: 신의성실의 원칙 | I26: 소비자 보호방안 | J26: 소비자 보호방안 미확보 | K26: {=_xludf.XLOOKUP(J26,'1. AI위험 식별'!$E$6:$E$37,'1. AI위험 식별'!$O$6:$O$37,"")} -> #NAME? | L26: {=_xludf.XLOOKUP($K26,'2. AI위험 완화 방안 수립'!$E$6:$E$37,'2. AI위험 완화 방안 수립'!$N$6:$N$37,"")} -> #NAME? | M26: {=_xludf.XLOOKUP($K26,'2. AI위험 완화 방안 수립'!$E$6:$E$37,'2. AI위험 완화 방안 수립'!$R$6:$R$37,"")} -> #NAME? | N26: {=_xludf.XLOOKUP(I26,'3. 잔여 AI 위험 평가'!$E$7:$E$38,'3. 잔여 AI 위험 평가'!$O$7:$O$38,"")} -> #NAME?
G27: 21 | H27: 신의성실의 원칙 | I27: 소비자 보호방안 | J27: 소비자의 편의성 저하 | K27: {=_xludf.XLOOKUP(J27,'1. AI위험 식별'!$E$6:$E$37,'1. AI위험 식별'!$O$6:$O$37,"")} -> #NAME? | L27: {=_xludf.XLOOKUP($K27,'2. AI위험 완화 방안 수립'!$E$6:$E$37,'2. AI위험 완화 방안 수립'!$N$6:$N$37,"")} -> #NAME? | M27: {=_xludf.XLOOKUP($K27,'2. AI위험 완화 방안 수립'!$E$6:$E$37,'2. AI위험 완화 방안 수립'!$R$6:$R$37,"")} -> #NAME? | N27: {=_xludf.XLOOKUP(I27,'3. 잔여 AI 위험 평가'!$E$7:$E$38,'3. 잔여 AI 위험 평가'!$O$7:$O$38,"")} -> #NAME?
G28: 22 | H28: 보안성 원칙 | I28: 보안 | J28: 데이터 유출 | K28: {=_xludf.XLOOKUP(J28,'1. AI위험 식별'!$E$6:$E$37,'1. AI위험 식별'!$O$6:$O$37,"")} -> #NAME? | L28: {=_xludf.XLOOKUP($K28,'2. AI위험 완화 방안 수립'!$E$6:$E$37,'2. AI위험 완화 방안 수립'!$N$6:$N$37,"")} -> #NAME? | M28: {=_xludf.XLOOKUP($K28,'2. AI위험 완화 방안 수립'!$E$6:$E$37,'2. AI위험 완화 방안 수립'!$R$6:$R$37,"")} -> #NAME? | N28: {=_xludf.XLOOKUP(I28,'3. 잔여 AI 위험 평가'!$E$7:$E$38,'3. 잔여 AI 위험 평가'!$O$7:$O$38,"")} -> #NAME?
G29: 23 | H29: 보안성 원칙 | I29: 보안 | J29: 무단 모델 추출 (Model Extraction) | K29: {=_xludf.XLOOKUP(J29,'1. AI위험 식별'!$E$6:$E$37,'1. AI위험 식별'!$O$6:$O$37,"")} -> #NAME? | L29: {=_xludf.XLOOKUP($K29,'2. AI위험 완화 방안 수립'!$E$6:$E$37,'2. AI위험 완화 방안 수립'!$N$6:$N$37,"")} -> #NAME? | M29: {=_xludf.XLOOKUP($K29,'2. AI위험 완화 방안 수립'!$E$6:$E$37,'2. AI위험 완화 방안 수립'!$R$6:$R$37,"")} -> #NAME? | N29: {=_xludf.XLOOKUP(I29,'3. 잔여 AI 위험 평가'!$E$7:$E$38,'3. 잔여 AI 위험 평가'!$O$7:$O$38,"")} -> #NAME?
G30: 24 | H30: 보안성 원칙 | I30: 보안 | J30: 사이버 범죄 지원 | K30: {=_xludf.XLOOKUP(J30,'1. AI위험 식별'!$E$6:$E$37,'1. AI위험 식별'!$O$6:$O$37,"")} -> #NAME? | L30: {=_xludf.XLOOKUP($K30,'2. AI위험 완화 방안 수립'!$E$6:$E$37,'2. AI위험 완화 방안 수립'!$N$6:$N$37,"")} -> #NAME? | M30: {=_xludf.XLOOKUP($K30,'2. AI위험 완화 방안 수립'!$E$6:$E$37,'2. AI위험 완화 방안 수립'!$R$6:$R$37,"")} -> #NAME? | N30: {=_xludf.XLOOKUP(I30,'3. 잔여 AI 위험 평가'!$E$7:$E$38,'3. 잔여 AI 위험 평가'!$O$7:$O$38,"")} -> #NAME?
G31: 25 | H31: 보안성 원칙 | I31: 보안 | J31: 적대적 공격 취약성 (Evasion Attack) | K31: {=_xludf.XLOOKUP(J31,'1. AI위험 식별'!$E$6:$E$37,'1. AI위험 식별'!$O$6:$O$37,"")} -> #NAME? | L31: {=_xludf.XLOOKUP($K31,'2. AI위험 완화 방안 수립'!$E$6:$E$37,'2. AI위험 완화 방안 수립'!$N$6:$N$37,"")} -> #NAME? | M31: {=_xludf.XLOOKUP($K31,'2. AI위험 완화 방안 수립'!$E$6:$E$37,'2. AI위험 완화 방안 수립'!$R$6:$R$37,"")} -> #NAME? | N31: {=_xludf.XLOOKUP(I31,'3. 잔여 AI 위험 평가'!$E$7:$E$38,'3. 잔여 AI 위험 평가'!$O$7:$O$38,"")} -> #NAME?
G32: 26 | H32: 보안성 원칙 | I32: 보안 | J32: 가짜 컨텐츠 사기 피해 | K32: {=_xludf.XLOOKUP(J32,'1. AI위험 식별'!$E$6:$E$37,'1. AI위험 식별'!$O$6:$O$37,"")} -> #NAME? | L32: {=_xludf.XLOOKUP($K32,'2. AI위험 완화 방안 수립'!$E$6:$E$37,'2. AI위험 완화 방안 수립'!$N$6:$N$37,"")} -> #NAME? | M32: {=_xludf.XLOOKUP($K32,'2. AI위험 완화 방안 수립'!$E$6:$E$37,'2. AI위험 완화 방안 수립'!$R$6:$R$37,"")} -> #NAME? | N32: {=_xludf.XLOOKUP(I32,'3. 잔여 AI 위험 평가'!$E$7:$E$38,'3. 잔여 AI 위험 평가'!$O$7:$O$38,"")} -> #NAME?
G33: 27 | H33: 보안성 원칙 | I33: 안정성 | J33: 시스템 안정성 | K33: {=_xludf.XLOOKUP(J33,'1. AI위험 식별'!$E$6:$E$37,'1. AI위험 식별'!$O$6:$O$37,"")} -> #NAME? | L33: {=_xludf.XLOOKUP($K33,'2. AI위험 완화 방안 수립'!$E$6:$E$37,'2. AI위험 완화 방안 수립'!$N$6:$N$37,"")} -> #NAME? | M33: {=_xludf.XLOOKUP($K33,'2. AI위험 완화 방안 수립'!$E$6:$E$37,'2. AI위험 완화 방안 수립'!$R$6:$R$37,"")} -> #NAME? | N33: {=_xludf.XLOOKUP(I33,'3. 잔여 AI 위험 평가'!$E$7:$E$38,'3. 잔여 AI 위험 평가'!$O$7:$O$38,"")} -> #NAME?
G34: 28 | H34: 보안성 원칙 | I34: 위탁/관리 | J34: AI 서비스 외부 위탁 | K34: {=_xludf.XLOOKUP(J34,'1. AI위험 식별'!$E$6:$E$37,'1. AI위험 식별'!$O$6:$O$37,"")} -> #NAME? | L34: {=_xludf.XLOOKUP($K34,'2. AI위험 완화 방안 수립'!$E$6:$E$37,'2. AI위험 완화 방안 수립'!$N$6:$N$37,"")} -> #NAME? | M34: {=_xludf.XLOOKUP($K34,'2. AI위험 완화 방안 수립'!$E$6:$E$37,'2. AI위험 완화 방안 수립'!$R$6:$R$37,"")} -> #NAME? | N34: {=_xludf.XLOOKUP(I34,'3. 잔여 AI 위험 평가'!$E$7:$E$38,'3. 잔여 AI 위험 평가'!$O$7:$O$38,"")} -> #NAME?
G35: 29 | H35: 보안성 원칙 | I35: 위탁/관리 | J35: 모델 외부위탁 위험 | K35: {=_xludf.XLOOKUP(J35,'1. AI위험 식별'!$E$6:$E$37,'1. AI위험 식별'!$O$6:$O$37,"")} -> #NAME? | L35: {=_xludf.XLOOKUP($K35,'2. AI위험 완화 방안 수립'!$E$6:$E$37,'2. AI위험 완화 방안 수립'!$N$6:$N$37,"")} -> #NAME? | M35: {=_xludf.XLOOKUP($K35,'2. AI위험 완화 방안 수립'!$E$6:$E$37,'2. AI위험 완화 방안 수립'!$R$6:$R$37,"")} -> #NAME? | N35: {=_xludf.XLOOKUP(I35,'3. 잔여 AI 위험 평가'!$E$7:$E$38,'3. 잔여 AI 위험 평가'!$O$7:$O$38,"")} -> #NAME?
G36: 30 | H36: 보안성 원칙 | I36: 프라이버시 | J36: 개인 식별 정보(PII) 노출 | K36: {=_xludf.XLOOKUP(J36,'1. AI위험 식별'!$E$6:$E$37,'1. AI위험 식별'!$O$6:$O$37,"")} -> #NAME? | L36: {=_xludf.XLOOKUP($K36,'2. AI위험 완화 방안 수립'!$E$6:$E$37,'2. AI위험 완화 방안 수립'!$N$6:$N$37,"")} -> #NAME? | M36: {=_xludf.XLOOKUP($K36,'2. AI위험 완화 방안 수립'!$E$6:$E$37,'2. AI위험 완화 방안 수립'!$R$6:$R$37,"")} -> #NAME? | N36: {=_xludf.XLOOKUP(I36,'3. 잔여 AI 위험 평가'!$E$7:$E$38,'3. 잔여 AI 위험 평가'!$O$7:$O$38,"")} -> #NAME?
G37: 31 | H37: 보안성 원칙 | I37: 프라이버시 | J37: 모델 인버전 공격 (Model Inversion Attack) | K37: {=_xludf.XLOOKUP(J37,'1. AI위험 식별'!$E$6:$E$37,'1. AI위험 식별'!$O$6:$O$37,"")} -> #NAME? | L37: {=_xludf.XLOOKUP($K37,'2. AI위험 완화 방안 수립'!$E$6:$E$37,'2. AI위험 완화 방안 수립'!$N$6:$N$37,"")} -> #NAME? | M37: {=_xludf.XLOOKUP($K37,'2. AI위험 완화 방안 수립'!$E$6:$E$37,'2. AI위험 완화 방안 수립'!$R$6:$R$37,"")} -> #NAME? | N37: {=_xludf.XLOOKUP(I37,'3. 잔여 AI 위험 평가'!$E$7:$E$38,'3. 잔여 AI 위험 평가'!$O$7:$O$38,"")} -> #NAME?
G38: 32 | H38: 보안성 원칙 | I38: 프라이버시 | J38: 필요 이상 데이터 수집 | K38: {=_xludf.XLOOKUP(J38,'1. AI위험 식별'!$E$6:$E$37,'1. AI위험 식별'!$O$6:$O$37,"")} -> #NAME? | L38: {=_xludf.XLOOKUP($K38,'2. AI위험 완화 방안 수립'!$E$6:$E$37,'2. AI위험 완화 방안 수립'!$N$6:$N$37,"")} -> #NAME? | M38: {=_xludf.XLOOKUP($K38,'2. AI위험 완화 방안 수립'!$E$6:$E$37,'2. AI위험 완화 방안 수립'!$R$6:$R$37,"")} -> #NAME? | N38: {=_xludf.XLOOKUP(I38,'3. 잔여 AI 위험 평가'!$E$7:$E$38,'3. 잔여 AI 위험 평가'!$O$7:$O$38,"")} -> #NAME?
